,Instrument,Granularity,Complete,Volume,Time,Open,High,Low,Close
0,EUR_USD,S5,True,2,2022-01-07T07:23:40.000000000Z,1.13044,1.13046,1.13044,1.13046
62,EUR_USD,S5,True,1,2022-01-07T07:24:05.000000000Z,1.13041,1.13041,1.13041,1.13041
106,EUR_USD,S5,True,5,2022-01-07T07:24:20.000000000Z,1.1304,1.1304,1.13038,1.13038
192,EUR_USD,S5,True,4,2022-01-07T07:24:45.000000000Z,1.13039,1.13039,1.13038,1.13038
243,EUR_USD,S5,True,2,2022-01-07T07:25:00.000000000Z,1.13036,1.13037,1.13036,1.13037
266,EUR_USD,S5,True,2,2022-01-07T07:25:15.000000000Z,1.13036,1.13036,1.13035,1.13035
301,EUR_USD,S5,True,1,2022-01-07T07:25:20.000000000Z,1.13033,1.13033,1.13033,1.13033
352,EUR_USD,S5,True,1,2022-01-07T07:25:35.000000000Z,1.13032,1.13032,1.13032,1.13032
437,EUR_USD,S5,True,3,2022-01-07T07:26:00.000000000Z,1.1303,1.1303,1.13027,1.13027
541,EUR_USD,S5,True,1,2022-01-07T07:26:35.000000000Z,1.1303,1.1303,1.1303,1.1303
573,EUR_USD,S5,True,4,2022-01-07T07:26:50.000000000Z,1.13028,1.13028,1.13028,1.13028
607,EUR_USD,S5,True,1,2022-01-07T07:26:55.000000000Z,1.13026,1.13026,1.13026,1.13026
741,EUR_USD,S5,True,1,2022-01-07T07:27:35.000000000Z,1.13026,1.13026,1.13026,1.13026
760,EUR_USD,S5,True,6,2022-01-07T07:27:45.000000000Z,1.13024,1.13026,1.13024,1.13026
792,EUR_USD,S5,True,1,2022-01-07T07:27:50.000000000Z,1.13026,1.13026,1.13026,1.13026
827,EUR_USD,S5,True,6,2022-01-07T07:28:00.000000000Z,1.13028,1.13028,1.13027,1.13027
860,EUR_USD,S5,True,4,2022-01-07T07:28:10.000000000Z,1.13028,1.13029,1.13026,1.13026
995,EUR_USD,S5,True,6,2022-01-07T07:28:50.000000000Z,1.13026,1.13033,1.13026,1.13033
1103,EUR_USD,S5,True,2,2022-01-07T07:29:25.000000000Z,1.13035,1.13035,1.13034,1.13034
1165,EUR_USD,S5,True,5,2022-01-07T07:29:45.000000000Z,1.13035,1.1304,1.13035,1.1304
1212,EUR_USD,S5,True,1,2022-01-07T07:30:05.000000000Z,1.13038,1.13038,1.13038,1.13038
1243,EUR_USD,S5,True,4,2022-01-07T07:30:10.000000000Z,1.13036,1.1304,1.13036,1.13038
1303,EUR_USD,S5,True,2,2022-01-07T07:30:30.000000000Z,1.13036,1.13038,1.13036,1.13038
1402,EUR_USD,S5,True,7,2022-01-07T07:31:00.000000000Z,1.13043,1.13048,1.13043,1.13046
1436,EUR_USD,S5,True,7,2022-01-07T07:31:15.000000000Z,1.13046,1.13046,1.13043,1.13043
1467,EUR_USD,S5,True,5,2022-01-07T07:31:20.000000000Z,1.13044,1.13047,1.13044,1.13047
1485,EUR_USD,S5,True,1,2022-01-07T07:31:30.000000000Z,1.13046,1.13046,1.13046,1.13046
1519,EUR_USD,S5,True,3,2022-01-07T07:31:35.000000000Z,1.13044,1.13047,1.13044,1.13047
1554,EUR_USD,S5,True,4,2022-01-07T07:31:50.000000000Z,1.13049,1.13054,1.13049,1.13052
1573,EUR_USD,S5,True,3,2022-01-07T07:31:55.000000000Z,1.13053,1.13053,1.13052,1.13052
1620,EUR_USD,S5,True,2,2022-01-07T07:32:05.000000000Z,1.1305,1.1305,1.13048,1.13048
1639,EUR_USD,S5,True,7,2022-01-07T07:32:15.000000000Z,1.1305,1.13052,1.1305,1.1305
1657,EUR_USD,S5,True,2,2022-01-07T07:32:20.000000000Z,1.13052,1.13052,1.1305,1.1305
1686,EUR_USD,S5,True,1,2022-01-07T07:32:25.000000000Z,1.13049,1.13049,1.13049,1.13049
1721,EUR_USD,S5,True,6,2022-01-07T07:32:35.000000000Z,1.1305,1.13052,1.13048,1.13048
1756,EUR_USD,S5,True,4,2022-01-07T07:32:45.000000000Z,1.13046,1.1305,1.13046,1.1305
1789,EUR_USD,S5,True,2,2022-01-07T07:32:55.000000000Z,1.13049,1.1305,1.13049,1.1305
1806,EUR_USD,S5,True,15,2022-01-07T07:33:05.000000000Z,1.13052,1.13053,1.13051,1.13052
1825,EUR_USD,S5,True,4,2022-01-07T07:33:10.000000000Z,1.13051,1.13052,1.13051,1.13052
1873,EUR_USD,S5,True,1,2022-01-07T07:33:20.000000000Z,1.1305,1.1305,1.1305,1.1305
1959,EUR_USD,S5,True,3,2022-01-07T07:33:50.000000000Z,1.13048,1.13049,1.13048,1.13048
2011,EUR_USD,S5,True,5,2022-01-07T07:34:00.000000000Z,1.13048,1.1305,1.13046,1.1305
2129,EUR_USD,S5,True,9,2022-01-07T07:34:35.000000000Z,1.13046,1.1305,1.13044,1.1305
2166,EUR_USD,S5,True,2,2022-01-07T07:34:50.000000000Z,1.13052,1.13054,1.13052,1.13054
2200,EUR_USD,S5,True,7,2022-01-07T07:34:55.000000000Z,1.13052,1.13054,1.13052,1.13054
2235,EUR_USD,S5,True,2,2022-01-07T07:35:05.000000000Z,1.13053,1.13053,1.13052,1.13052
2253,EUR_USD,S5,True,5,2022-01-07T07:35:15.000000000Z,1.13053,1.13053,1.13051,1.13051
2286,EUR_USD,S5,True,5,2022-01-07T07:35:20.000000000Z,1.13052,1.13056,1.13052,1.13055
2339,EUR_USD,S5,True,3,2022-01-07T07:35:35.000000000Z,1.13052,1.13056,1.13052,1.13056
2391,EUR_USD,S5,True,5,2022-01-07T07:35:55.000000000Z,1.13056,1.1306,1.13056,1.1306
2409,EUR_USD,S5,True,9,2022-01-07T07:36:00.000000000Z,1.1306,1.1306,1.13052,1.13054
2443,EUR_USD,S5,True,4,2022-01-07T07:36:05.000000000Z,1.13052,1.13056,1.13052,1.13054
2461,EUR_USD,S5,True,2,2022-01-07T07:36:15.000000000Z,1.13055,1.13056,1.13055,1.13056
2480,EUR_USD,S5,True,3,2022-01-07T07:36:20.000000000Z,1.13055,1.13056,1.13054,1.13056
2531,EUR_USD,S5,True,1,2022-01-07T07:36:30.000000000Z,1.13056,1.13056,1.13056,1.13056
2550,EUR_USD,S5,True,3,2022-01-07T07:36:40.000000000Z,1.13058,1.13058,1.13057,1.13057
2602,EUR_USD,S5,True,3,2022-01-07T07:36:55.000000000Z,1.13056,1.13056,1.13056,1.13056
2620,EUR_USD,S5,True,5,2022-01-07T07:37:00.000000000Z,1.13054,1.13057,1.13054,1.13057
2673,EUR_USD,S5,True,1,2022-01-07T07:37:15.000000000Z,1.13056,1.13056,1.13056,1.13056
2726,EUR_USD,S5,True,7,2022-01-07T07:37:25.000000000Z,1.13052,1.13052,1.1305,1.13051
2763,EUR_USD,S5,True,5,2022-01-07T07:37:40.000000000Z,1.13047,1.13047,1.13046,1.13047
2780,EUR_USD,S5,True,1,2022-01-07T07:37:45.000000000Z,1.13046,1.13046,1.13046,1.13046
2835,EUR_USD,S5,True,6,2022-01-07T07:38:00.000000000Z,1.13052,1.13054,1.13052,1.13054
2866,EUR_USD,S5,True,3,2022-01-07T07:38:05.000000000Z,1.13052,1.13053,1.13052,1.13052
2901,EUR_USD,S5,True,2,2022-01-07T07:38:20.000000000Z,1.13052,1.13052,1.13052,1.13052
2919,EUR_USD,S5,True,1,2022-01-07T07:38:25.000000000Z,1.13052,1.13052,1.13052,1.13052
2936,EUR_USD,S5,True,5,2022-01-07T07:38:30.000000000Z,1.13052,1.13054,1.13052,1.13052
2987,EUR_USD,S5,True,3,2022-01-07T07:38:45.000000000Z,1.13046,1.13048,1.13046,1.13046
3022,EUR_USD,S5,True,4,2022-01-07T07:38:50.000000000Z,1.13044,1.13044,1.13043,1.13043
3091,EUR_USD,S5,True,2,2022-01-07T07:39:10.000000000Z,1.13047,1.13049,1.13047,1.13049
3141,EUR_USD,S5,True,4,2022-01-07T07:39:25.000000000Z,1.1305,1.13052,1.1305,1.13052
3177,EUR_USD,S5,True,2,2022-01-07T07:39:40.000000000Z,1.13052,1.13054,1.13052,1.13054
3211,EUR_USD,S5,True,2,2022-01-07T07:39:45.000000000Z,1.13052,1.13054,1.13052,1.13054
3264,EUR_USD,S5,True,1,2022-01-07T07:40:00.000000000Z,1.13052,1.13052,1.13052,1.13052
3387,EUR_USD,S5,True,5,2022-01-07T07:40:35.000000000Z,1.13053,1.13057,1.13053,1.13056
3507,EUR_USD,S5,True,2,2022-01-07T07:41:10.000000000Z,1.13055,1.13056,1.13055,1.13056
3559,EUR_USD,S5,True,1,2022-01-07T07:41:25.000000000Z,1.13056,1.13056,1.13056,1.13056
3613,EUR_USD,S5,True,3,2022-01-07T07:41:45.000000000Z,1.13055,1.13056,1.13054,1.13056
3644,EUR_USD,S5,True,1,2022-01-07T07:41:50.000000000Z,1.13056,1.13056,1.13056,1.13056
3676,EUR_USD,S5,True,3,2022-01-07T07:42:00.000000000Z,1.13056,1.13056,1.13054,1.13056
3713,EUR_USD,S5,True,4,2022-01-07T07:42:15.000000000Z,1.13054,1.13056,1.13054,1.13056
3746,EUR_USD,S5,True,9,2022-01-07T07:42:20.000000000Z,1.13056,1.13056,1.13046,1.13046
3799,EUR_USD,S5,True,3,2022-01-07T07:42:35.000000000Z,1.13046,1.13046,1.13044,1.13046
3855,EUR_USD,S5,True,1,2022-01-07T07:42:50.000000000Z,1.13046,1.13046,1.13046,1.13046
3954,EUR_USD,S5,True,8,2022-01-07T07:43:20.000000000Z,1.13045,1.13046,1.13042,1.13044
4017,EUR_USD,S5,True,4,2022-01-07T07:43:45.000000000Z,1.13037,1.13037,1.13036,1.13036
4030,EUR_USD,S5,True,7,2022-01-07T07:43:50.000000000Z,1.13037,1.13037,1.13035,1.13037
4084,EUR_USD,S5,True,1,2022-01-07T07:44:05.000000000Z,1.13034,1.13034,1.13034,1.13034
4109,EUR_USD,S5,True,2,2022-01-07T07:44:15.000000000Z,1.13032,1.13032,1.1303,1.1303
4159,EUR_USD,S5,True,8,2022-01-07T07:44:30.000000000Z,1.1303,1.1303,1.13028,1.13028
4192,EUR_USD,S5,True,1,2022-01-07T07:44:45.000000000Z,1.1303,1.1303,1.1303,1.1303
4240,EUR_USD,S5,True,8,2022-01-07T07:45:00.000000000Z,1.13026,1.13026,1.1302,1.13022
4321,EUR_USD,S5,True,4,2022-01-07T07:45:20.000000000Z,1.13028,1.13028,1.13025,1.13026
4384,EUR_USD,S5,True,6,2022-01-07T07:45:40.000000000Z,1.13029,1.13032,1.13029,1.13032
4415,EUR_USD,S5,True,1,2022-01-07T07:45:55.000000000Z,1.1303,1.1303,1.1303,1.1303
4450,EUR_USD,S5,True,6,2022-01-07T07:46:00.000000000Z,1.13029,1.13029,1.13022,1.13022
4501,EUR_USD,S5,True,2,2022-01-07T07:46:15.000000000Z,1.1302,1.13022,1.1302,1.13022
4547,EUR_USD,S5,True,6,2022-01-07T07:46:30.000000000Z,1.1302,1.1302,1.13017,1.13017
4586,EUR_USD,S5,True,3,2022-01-07T07:46:50.000000000Z,1.13015,1.13016,1.13015,1.13015
4618,EUR_USD,S5,True,5,2022-01-07T07:46:55.000000000Z,1.13016,1.13017,1.13015,1.13016
4687,EUR_USD,S5,True,1,2022-01-07T07:47:15.000000000Z,1.13012,1.13012,1.13012,1.13012
4720,EUR_USD,S5,True,2,2022-01-07T07:47:25.000000000Z,1.13012,1.13012,1.13012,1.13012
4736,EUR_USD,S5,True,2,2022-01-07T07:47:35.000000000Z,1.1301,1.13012,1.1301,1.13012
4754,EUR_USD,S5,True,2,2022-01-07T07:47:40.000000000Z,1.1301,1.13012,1.1301,1.13012
4803,EUR_USD,S5,True,1,2022-01-07T07:47:50.000000000Z,1.13006,1.13006,1.13006,1.13006
4871,EUR_USD,S5,True,2,2022-01-07T07:48:10.000000000Z,1.13006,1.13006,1.13005,1.13005
4889,EUR_USD,S5,True,2,2022-01-07T07:48:20.000000000Z,1.13006,1.13006,1.13006,1.13006
4904,EUR_USD,S5,True,10,2022-01-07T07:48:25.000000000Z,1.13006,1.1301,1.13006,1.13009
4970,EUR_USD,S5,True,3,2022-01-07T07:48:40.000000000Z,1.13014,1.13015,1.13014,1.13014
5042,EUR_USD,S5,True,9,2022-01-07T07:49:05.000000000Z,1.13016,1.13016,1.13014,1.13016
5059,EUR_USD,S5,True,8,2022-01-07T07:49:10.000000000Z,1.13016,1.13016,1.13008,1.13008
5111,EUR_USD,S5,True,6,2022-01-07T07:49:20.000000000Z,1.13012,1.13015,1.1301,1.1301
5131,EUR_USD,S5,True,8,2022-01-07T07:49:30.000000000Z,1.13012,1.13014,1.1301,1.13012
5182,EUR_USD,S5,True,3,2022-01-07T07:49:40.000000000Z,1.13014,1.13016,1.13014,1.13016
5267,EUR_USD,S5,True,14,2022-01-07T07:50:05.000000000Z,1.13018,1.13026,1.13018,1.13026
5303,EUR_USD,S5,True,5,2022-01-07T07:50:20.000000000Z,1.13028,1.13032,1.13028,1.13032
5320,EUR_USD,S5,True,4,2022-01-07T07:50:25.000000000Z,1.1303,1.13036,1.1303,1.13036
5368,EUR_USD,S5,True,3,2022-01-07T07:50:35.000000000Z,1.13033,1.13036,1.13033,1.13036
5403,EUR_USD,S5,True,10,2022-01-07T07:50:50.000000000Z,1.13037,1.13037,1.13028,1.13028
5420,EUR_USD,S5,True,3,2022-01-07T07:50:55.000000000Z,1.13028,1.13031,1.13028,1.13031
5471,EUR_USD,S5,True,1,2022-01-07T07:51:05.000000000Z,1.13028,1.13028,1.13028,1.13028
5524,EUR_USD,S5,True,2,2022-01-07T07:51:20.000000000Z,1.13026,1.13028,1.13026,1.13028
5594,EUR_USD,S5,True,1,2022-01-07T07:51:45.000000000Z,1.13024,1.13024,1.13024,1.13024
5629,EUR_USD,S5,True,1,2022-01-07T07:51:50.000000000Z,1.13023,1.13023,1.13023,1.13023
5646,EUR_USD,S5,True,3,2022-01-07T07:52:00.000000000Z,1.13022,1.13022,1.13021,1.13022
5729,EUR_USD,S5,True,2,2022-01-07T07:52:25.000000000Z,1.13026,1.13026,1.13026,1.13026
5799,EUR_USD,S5,True,3,2022-01-07T07:52:45.000000000Z,1.13022,1.13022,1.13021,1.13021
5835,EUR_USD,S5,True,1,2022-01-07T07:52:50.000000000Z,1.13023,1.13023,1.13023,1.13023
5903,EUR_USD,S5,True,3,2022-01-07T07:53:15.000000000Z,1.13022,1.13023,1.13022,1.13022
5970,EUR_USD,S5,True,1,2022-01-07T07:53:30.000000000Z,1.13022,1.13022,1.13022,1.13022
6020,EUR_USD,S5,True,1,2022-01-07T07:53:45.000000000Z,1.13024,1.13024,1.13024,1.13024
6072,EUR_USD,S5,True,9,2022-01-07T07:54:00.000000000Z,1.13022,1.13022,1.13014,1.13014
6091,EUR_USD,S5,True,3,2022-01-07T07:54:10.000000000Z,1.13016,1.13018,1.13016,1.13016
6108,EUR_USD,S5,True,1,2022-01-07T07:54:15.000000000Z,1.13017,1.13017,1.13017,1.13017
6142,EUR_USD,S5,True,4,2022-01-07T07:54:20.000000000Z,1.13016,1.1302,1.13016,1.1302
6159,EUR_USD,S5,True,1,2022-01-07T07:54:30.000000000Z,1.13022,1.13022,1.13022,1.13022
6209,EUR_USD,S5,True,7,2022-01-07T07:54:40.000000000Z,1.13018,1.13018,1.13011,1.13012
6228,EUR_USD,S5,True,12,2022-01-07T07:54:50.000000000Z,1.13012,1.13023,1.13012,1.1302
6244,EUR_USD,S5,True,2,2022-01-07T07:54:55.000000000Z,1.1302,1.1302,1.13018,1.13018
6277,EUR_USD,S5,True,5,2022-01-07T07:55:00.000000000Z,1.1302,1.13022,1.13018,1.13022
6313,EUR_USD,S5,True,3,2022-01-07T07:55:15.000000000Z,1.13032,1.13032,1.13028,1.13028
6330,EUR_USD,S5,True,1,2022-01-07T07:55:20.000000000Z,1.13029,1.13029,1.13029,1.13029
6364,EUR_USD,S5,True,5,2022-01-07T07:55:30.000000000Z,1.13027,1.13027,1.13023,1.13026
6380,EUR_USD,S5,True,5,2022-01-07T07:55:35.000000000Z,1.13028,1.13032,1.13028,1.13032
6396,EUR_USD,S5,True,4,2022-01-07T07:55:40.000000000Z,1.13033,1.13033,1.1303,1.13032
6450,EUR_USD,S5,True,4,2022-01-07T07:55:55.000000000Z,1.13042,1.13042,1.13042,1.13042
6483,EUR_USD,S5,True,2,2022-01-07T07:56:05.000000000Z,1.13044,1.13046,1.13044,1.13046
6502,EUR_USD,S5,True,15,2022-01-07T07:56:10.000000000Z,1.13047,1.13052,1.13046,1.1305
6520,EUR_USD,S5,True,2,2022-01-07T07:56:15.000000000Z,1.13048,1.1305,1.13048,1.1305
6551,EUR_USD,S5,True,7,2022-01-07T07:56:20.000000000Z,1.13048,1.13053,1.13048,1.13052
6589,EUR_USD,S5,True,2,2022-01-07T07:56:35.000000000Z,1.1305,1.13053,1.1305,1.13053
6624,EUR_USD,S5,True,4,2022-01-07T07:56:45.000000000Z,1.13052,1.13052,1.1305,1.13052
6642,EUR_USD,S5,True,11,2022-01-07T07:56:50.000000000Z,1.13054,1.13056,1.13052,1.13054
6692,EUR_USD,S5,True,4,2022-01-07T07:57:05.000000000Z,1.13052,1.13052,1.1305,1.1305
6728,EUR_USD,S5,True,2,2022-01-07T07:57:15.000000000Z,1.13049,1.1305,1.13049,1.1305
6744,EUR_USD,S5,True,6,2022-01-07T07:57:20.000000000Z,1.13052,1.13053,1.13051,1.13051
6761,EUR_USD,S5,True,6,2022-01-07T07:57:25.000000000Z,1.13052,1.13053,1.13051,1.13051
6797,EUR_USD,S5,True,3,2022-01-07T07:57:30.000000000Z,1.13052,1.13054,1.13052,1.13052
6832,EUR_USD,S5,True,3,2022-01-07T07:57:45.000000000Z,1.13049,1.1305,1.13049,1.13049
6865,EUR_USD,S5,True,5,2022-01-07T07:57:55.000000000Z,1.13049,1.13049,1.13048,1.13049
6899,EUR_USD,S5,True,7,2022-01-07T07:58:00.000000000Z,1.13048,1.13048,1.13046,1.13048
6968,EUR_USD,S5,True,5,2022-01-07T07:58:20.000000000Z,1.13045,1.13047,1.13045,1.13047
6986,EUR_USD,S5,True,6,2022-01-07T07:58:30.000000000Z,1.13049,1.13051,1.13048,1.13051
7043,EUR_USD,S5,True,6,2022-01-07T07:58:50.000000000Z,1.1305,1.13052,1.1305,1.13052
7095,EUR_USD,S5,True,2,2022-01-07T07:59:05.000000000Z,1.1305,1.1305,1.13049,1.13049
7111,EUR_USD,S5,True,10,2022-01-07T07:59:10.000000000Z,1.1305,1.13057,1.13048,1.13056
7178,EUR_USD,S5,True,1,2022-01-07T07:59:25.000000000Z,1.13053,1.13053,1.13053,1.13053
7297,EUR_USD,S5,True,16,2022-01-07T08:00:00.000000000Z,1.13058,1.13058,1.13056,1.13056
7350,EUR_USD,S5,True,9,2022-01-07T08:00:15.000000000Z,1.13053,1.13063,1.13053,1.13062
7367,EUR_USD,S5,True,9,2022-01-07T08:00:25.000000000Z,1.13064,1.13066,1.13058,1.13058
7418,EUR_USD,S5,True,3,2022-01-07T08:00:40.000000000Z,1.13055,1.13056,1.13055,1.13055
7438,EUR_USD,S5,True,3,2022-01-07T08:00:45.000000000Z,1.13054,1.13055,1.13054,1.13054
7455,EUR_USD,S5,True,14,2022-01-07T08:00:50.000000000Z,1.13052,1.13053,1.13048,1.13053
7473,EUR_USD,S5,True,16,2022-01-07T08:00:55.000000000Z,1.13054,1.13056,1.13052,1.13052
7488,EUR_USD,S5,True,3,2022-01-07T08:01:00.000000000Z,1.13054,1.13056,1.13054,1.13056
7539,EUR_USD,S5,True,7,2022-01-07T08:01:10.000000000Z,1.13049,1.13049,1.13045,1.13046
7554,EUR_USD,S5,True,6,2022-01-07T08:01:20.000000000Z,1.13045,1.13047,1.13044,1.13046
7590,EUR_USD,S5,True,5,2022-01-07T08:01:30.000000000Z,1.13049,1.13052,1.13049,1.13052
7624,EUR_USD,S5,True,5,2022-01-07T08:01:35.000000000Z,1.1305,1.1305,1.13046,1.13046
7643,EUR_USD,S5,True,8,2022-01-07T08:01:45.000000000Z,1.13044,1.13052,1.13044,1.13051
7693,EUR_USD,S5,True,3,2022-01-07T08:02:00.000000000Z,1.13051,1.13051,1.13048,1.13048
7724,EUR_USD,S5,True,6,2022-01-07T08:02:10.000000000Z,1.13046,1.1305,1.13046,1.13048
7859,EUR_USD,S5,True,2,2022-01-07T08:02:45.000000000Z,1.13068,1.13068,1.13066,1.13066
7877,EUR_USD,S5,True,1,2022-01-07T08:02:55.000000000Z,1.13068,1.13068,1.13068,1.13068
7911,EUR_USD,S5,True,1,2022-01-07T08:03:00.000000000Z,1.13067,1.13067,1.13067,1.13067
7946,EUR_USD,S5,True,2,2022-01-07T08:03:10.000000000Z,1.13066,1.13066,1.13066,1.13066
7997,EUR_USD,S5,True,2,2022-01-07T08:03:25.000000000Z,1.13068,1.13068,1.13066,1.13066
8031,EUR_USD,S5,True,2,2022-01-07T08:03:35.000000000Z,1.13066,1.13066,1.13066,1.13066
8100,EUR_USD,S5,True,3,2022-01-07T08:03:55.000000000Z,1.13065,1.13066,1.13065,1.13065
8118,EUR_USD,S5,True,3,2022-01-07T08:04:05.000000000Z,1.13064,1.13064,1.13062,1.13063
8136,EUR_USD,S5,True,4,2022-01-07T08:04:10.000000000Z,1.13064,1.13067,1.13064,1.13066
8153,EUR_USD,S5,True,19,2022-01-07T08:04:15.000000000Z,1.13067,1.13074,1.13067,1.13074
8223,EUR_USD,S5,True,4,2022-01-07T08:04:35.000000000Z,1.13056,1.13056,1.13054,1.13056
8257,EUR_USD,S5,True,5,2022-01-07T08:04:45.000000000Z,1.13055,1.13058,1.13054,1.13054
8379,EUR_USD,S5,True,5,2022-01-07T08:05:20.000000000Z,1.13068,1.1307,1.13068,1.13068
8395,EUR_USD,S5,True,14,2022-01-07T08:05:25.000000000Z,1.1307,1.1307,1.13066,1.13068
8497,EUR_USD,S5,True,12,2022-01-07T08:05:55.000000000Z,1.13068,1.13068,1.13063,1.13063
8515,EUR_USD,S5,True,12,2022-01-07T08:06:00.000000000Z,1.13064,1.1307,1.13064,1.13066
8568,EUR_USD,S5,True,1,2022-01-07T08:06:15.000000000Z,1.1306,1.1306,1.1306,1.1306
8604,EUR_USD,S5,True,7,2022-01-07T08:06:25.000000000Z,1.13059,1.13059,1.13054,1.13056
8687,EUR_USD,S5,True,8,2022-01-07T08:06:45.000000000Z,1.13059,1.13062,1.13058,1.13062
8707,EUR_USD,S5,True,4,2022-01-07T08:06:55.000000000Z,1.13063,1.13063,1.13062,1.13062
8724,EUR_USD,S5,True,3,2022-01-07T08:07:00.000000000Z,1.13063,1.13063,1.13062,1.13063
8811,EUR_USD,S5,True,3,2022-01-07T08:07:25.000000000Z,1.13049,1.13052,1.13049,1.13052
8846,EUR_USD,S5,True,2,2022-01-07T08:07:30.000000000Z,1.1305,1.13052,1.1305,1.13052
8899,EUR_USD,S5,True,4,2022-01-07T08:07:45.000000000Z,1.13056,1.13057,1.13056,1.13057
8917,EUR_USD,S5,True,1,2022-01-07T08:07:55.000000000Z,1.13058,1.13058,1.13058,1.13058
8934,EUR_USD,S5,True,5,2022-01-07T08:08:00.000000000Z,1.13057,1.13057,1.13056,1.13057
8964,EUR_USD,S5,True,8,2022-01-07T08:08:05.000000000Z,1.13056,1.13057,1.13052,1.13057
8981,EUR_USD,S5,True,5,2022-01-07T08:08:15.000000000Z,1.13056,1.13056,1.13046,1.13046
9017,EUR_USD,S5,True,4,2022-01-07T08:08:25.000000000Z,1.13046,1.13046,1.13042,1.13044
9032,EUR_USD,S5,True,12,2022-01-07T08:08:30.000000000Z,1.13043,1.13044,1.13038,1.13038
9101,EUR_USD,S5,True,4,2022-01-07T08:08:50.000000000Z,1.13029,1.1303,1.13027,1.13027
9135,EUR_USD,S5,True,10,2022-01-07T08:09:00.000000000Z,1.13022,1.13028,1.13022,1.13028
9152,EUR_USD,S5,True,5,2022-01-07T08:09:05.000000000Z,1.13029,1.1303,1.13026,1.13026
9203,EUR_USD,S5,True,38,2022-01-07T08:09:20.000000000Z,1.13028,1.13042,1.13028,1.1303
9239,EUR_USD,S5,True,7,2022-01-07T08:09:30.000000000Z,1.13039,1.13039,1.13034,1.13036
9256,EUR_USD,S5,True,3,2022-01-07T08:09:35.000000000Z,1.13036,1.13036,1.13036,1.13036
9275,EUR_USD,S5,True,6,2022-01-07T08:09:40.000000000Z,1.13038,1.1304,1.13037,1.13037
9374,EUR_USD,S5,True,3,2022-01-07T08:10:10.000000000Z,1.13028,1.13028,1.13026,1.13028
9391,EUR_USD,S5,True,10,2022-01-07T08:10:15.000000000Z,1.1303,1.13032,1.13029,1.13029
9443,EUR_USD,S5,True,3,2022-01-07T08:10:30.000000000Z,1.13028,1.1303,1.13028,1.1303
9494,EUR_USD,S5,True,1,2022-01-07T08:10:45.000000000Z,1.13028,1.13028,1.13028,1.13028
9527,EUR_USD,S5,True,8,2022-01-07T08:10:55.000000000Z,1.13022,1.13026,1.13017,1.13019
9578,EUR_USD,S5,True,1,2022-01-07T08:11:10.000000000Z,1.13018,1.13018,1.13018,1.13018
9597,EUR_USD,S5,True,16,2022-01-07T08:11:15.000000000Z,1.13018,1.13024,1.13018,1.1302
9612,EUR_USD,S5,True,7,2022-01-07T08:11:20.000000000Z,1.13022,1.13022,1.13016,1.13018
9643,EUR_USD,S5,True,3,2022-01-07T08:11:25.000000000Z,1.13018,1.13018,1.13018,1.13018
9659,EUR_USD,S5,True,5,2022-01-07T08:11:35.000000000Z,1.13019,1.1302,1.13018,1.1302
9774,EUR_USD,S5,True,2,2022-01-07T08:12:10.000000000Z,1.13022,1.13022,1.1302,1.1302
9789,EUR_USD,S5,True,1,2022-01-07T08:12:15.000000000Z,1.13018,1.13018,1.13018,1.13018
9838,EUR_USD,S5,True,1,2022-01-07T08:12:25.000000000Z,1.13022,1.13022,1.13022,1.13022
9885,EUR_USD,S5,True,7,2022-01-07T08:12:40.000000000Z,1.13023,1.13029,1.13023,1.13029
9919,EUR_USD,S5,True,10,2022-01-07T08:12:55.000000000Z,1.13028,1.13032,1.13028,1.13032
9947,EUR_USD,S5,True,6,2022-01-07T08:13:00.000000000Z,1.1303,1.1303,1.13026,1.13028
9964,EUR_USD,S5,True,7,2022-01-07T08:13:10.000000000Z,1.13026,1.13029,1.13025,1.13029
9982,EUR_USD,S5,True,7,2022-01-07T08:13:15.000000000Z,1.1303,1.13032,1.13028,1.1303
10059,EUR_USD,S5,True,6,2022-01-07T08:13:35.000000000Z,1.13027,1.13032,1.13027,1.1303
10094,EUR_USD,S5,True,3,2022-01-07T08:13:50.000000000Z,1.1303,1.13032,1.1303,1.1303
10191,EUR_USD,S5,True,6,2022-01-07T08:14:15.000000000Z,1.13045,1.13047,1.13045,1.13046
10258,EUR_USD,S5,True,6,2022-01-07T08:14:40.000000000Z,1.13046,1.1305,1.13046,1.13048
10272,EUR_USD,S5,True,3,2022-01-07T08:14:45.000000000Z,1.13046,1.13048,1.13046,1.13046
10304,EUR_USD,S5,True,3,2022-01-07T08:14:55.000000000Z,1.13047,1.1305,1.13047,1.1305
10430,EUR_USD,S5,True,3,2022-01-07T08:15:30.000000000Z,1.13048,1.1305,1.13048,1.1305
10494,EUR_USD,S5,True,6,2022-01-07T08:15:50.000000000Z,1.13048,1.13053,1.13048,1.13052
10526,EUR_USD,S5,True,6,2022-01-07T08:16:00.000000000Z,1.13054,1.13054,1.13051,1.13052
10691,EUR_USD,S5,True,9,2022-01-07T08:16:55.000000000Z,1.1305,1.1305,1.13044,1.13048
10707,EUR_USD,S5,True,6,2022-01-07T08:17:00.000000000Z,1.1305,1.13053,1.1305,1.13052
10858,EUR_USD,S5,True,2,2022-01-07T08:17:40.000000000Z,1.13056,1.13058,1.13056,1.13058
10919,EUR_USD,S5,True,7,2022-01-07T08:18:00.000000000Z,1.13058,1.13062,1.13058,1.13061
10951,EUR_USD,S5,True,4,2022-01-07T08:18:10.000000000Z,1.13062,1.13062,1.13058,1.13058
10986,EUR_USD,S5,True,1,2022-01-07T08:18:20.000000000Z,1.13056,1.13056,1.13056,1.13056
11002,EUR_USD,S5,True,5,2022-01-07T08:18:30.000000000Z,1.13058,1.13058,1.13056,1.13056
11014,EUR_USD,S5,True,1,2022-01-07T08:18:35.000000000Z,1.13057,1.13057,1.13057,1.13057
11024,EUR_USD,S5,True,2,2022-01-07T08:18:40.000000000Z,1.13058,1.13058,1.13057,1.13057
11042,EUR_USD,S5,True,7,2022-01-07T08:18:45.000000000Z,1.13058,1.13058,1.13057,1.13058
11073,EUR_USD,S5,True,2,2022-01-07T08:18:55.000000000Z,1.13057,1.13059,1.13057,1.13059
11123,EUR_USD,S5,True,2,2022-01-07T08:19:10.000000000Z,1.13058,1.13058,1.13057,1.13057
11185,EUR_USD,S5,True,1,2022-01-07T08:19:25.000000000Z,1.13062,1.13062,1.13062,1.13062
11221,EUR_USD,S5,True,3,2022-01-07T08:19:40.000000000Z,1.13061,1.13061,1.1306,1.13061
11254,EUR_USD,S5,True,9,2022-01-07T08:19:45.000000000Z,1.13059,1.1306,1.13056,1.13056
11305,EUR_USD,S5,True,2,2022-01-07T08:20:00.000000000Z,1.13058,1.13059,1.13058,1.13059
11356,EUR_USD,S5,True,2,2022-01-07T08:20:20.000000000Z,1.13058,1.13059,1.13058,1.13059
11375,EUR_USD,S5,True,3,2022-01-07T08:20:25.000000000Z,1.13058,1.13059,1.13058,1.13058
11441,EUR_USD,S5,True,2,2022-01-07T08:20:45.000000000Z,1.13054,1.13056,1.13054,1.13056
11457,EUR_USD,S5,True,5,2022-01-07T08:20:50.000000000Z,1.13058,1.13058,1.13054,1.13054
11492,EUR_USD,S5,True,7,2022-01-07T08:21:00.000000000Z,1.13058,1.13064,1.13058,1.13064
11508,EUR_USD,S5,True,2,2022-01-07T08:21:05.000000000Z,1.13063,1.13063,1.13062,1.13062
11554,EUR_USD,S5,True,5,2022-01-07T08:21:15.000000000Z,1.13063,1.13064,1.1306,1.1306
11604,EUR_USD,S5,True,5,2022-01-07T08:21:30.000000000Z,1.13062,1.13064,1.13062,1.13062
11638,EUR_USD,S5,True,3,2022-01-07T08:21:40.000000000Z,1.13064,1.13064,1.1306,1.1306
11656,EUR_USD,S5,True,7,2022-01-07T08:21:50.000000000Z,1.1306,1.1306,1.13056,1.13056
11690,EUR_USD,S5,True,5,2022-01-07T08:22:00.000000000Z,1.13052,1.13054,1.13052,1.13054
11722,EUR_USD,S5,True,7,2022-01-07T08:22:10.000000000Z,1.13052,1.13054,1.13052,1.13052
11755,EUR_USD,S5,True,3,2022-01-07T08:22:15.000000000Z,1.13054,1.13056,1.13054,1.13056
11873,EUR_USD,S5,True,8,2022-01-07T08:22:50.000000000Z,1.13064,1.13068,1.13064,1.13068
11924,EUR_USD,S5,True,6,2022-01-07T08:23:05.000000000Z,1.13066,1.1307,1.13066,1.13068
11956,EUR_USD,S5,True,6,2022-01-07T08:23:15.000000000Z,1.13066,1.13066,1.13062,1.13064
11974,EUR_USD,S5,True,2,2022-01-07T08:23:25.000000000Z,1.13066,1.13067,1.13066,1.13067
12006,EUR_USD,S5,True,3,2022-01-07T08:23:30.000000000Z,1.13068,1.1307,1.13068,1.1307
12055,EUR_USD,S5,True,2,2022-01-07T08:23:50.000000000Z,1.13069,1.1307,1.13069,1.1307
12069,EUR_USD,S5,True,5,2022-01-07T08:23:55.000000000Z,1.13069,1.13071,1.13069,1.1307
12102,EUR_USD,S5,True,3,2022-01-07T08:24:05.000000000Z,1.13076,1.13078,1.13076,1.13077
12136,EUR_USD,S5,True,7,2022-01-07T08:24:10.000000000Z,1.13076,1.13078,1.13075,1.13076
12152,EUR_USD,S5,True,2,2022-01-07T08:24:20.000000000Z,1.13078,1.13078,1.13076,1.13076
12268,EUR_USD,S5,True,1,2022-01-07T08:24:50.000000000Z,1.13077,1.13077,1.13077,1.13077
12287,EUR_USD,S5,True,5,2022-01-07T08:25:00.000000000Z,1.13078,1.13078,1.13076,1.13076
12320,EUR_USD,S5,True,5,2022-01-07T08:25:10.000000000Z,1.13072,1.13074,1.13072,1.13073
12355,EUR_USD,S5,True,6,2022-01-07T08:25:20.000000000Z,1.13078,1.13078,1.13075,1.13077
12389,EUR_USD,S5,True,2,2022-01-07T08:25:30.000000000Z,1.13078,1.13078,1.13077,1.13077
12405,EUR_USD,S5,True,4,2022-01-07T08:25:35.000000000Z,1.13076,1.13076,1.13073,1.13074
12422,EUR_USD,S5,True,5,2022-01-07T08:25:40.000000000Z,1.13076,1.13076,1.13074,1.13076
12458,EUR_USD,S5,True,1,2022-01-07T08:25:50.000000000Z,1.13077,1.13077,1.13077,1.13077
12473,EUR_USD,S5,True,8,2022-01-07T08:25:55.000000000Z,1.13078,1.13083,1.13077,1.13083
12543,EUR_USD,S5,True,4,2022-01-07T08:26:10.000000000Z,1.13078,1.1308,1.13078,1.1308
12592,EUR_USD,S5,True,1,2022-01-07T08:26:25.000000000Z,1.13079,1.13079,1.13079,1.13079
12609,EUR_USD,S5,True,2,2022-01-07T08:26:35.000000000Z,1.13078,1.13078,1.13076,1.13076
12660,EUR_USD,S5,True,5,2022-01-07T08:26:50.000000000Z,1.13069,1.13069,1.13066,1.13069
12694,EUR_USD,S5,True,10,2022-01-07T08:27:00.000000000Z,1.13064,1.13064,1.13059,1.13062
12731,EUR_USD,S5,True,4,2022-01-07T08:27:05.000000000Z,1.13063,1.13067,1.13063,1.13067
12747,EUR_USD,S5,True,9,2022-01-07T08:27:15.000000000Z,1.13064,1.13066,1.13063,1.13064
12816,EUR_USD,S5,True,8,2022-01-07T08:27:30.000000000Z,1.13065,1.13065,1.13058,1.13058
12836,EUR_USD,S5,True,1,2022-01-07T08:27:40.000000000Z,1.13056,1.13056,1.13056,1.13056
12870,EUR_USD,S5,True,8,2022-01-07T08:27:50.000000000Z,1.13057,1.13062,1.13057,1.13062
12901,EUR_USD,S5,True,6,2022-01-07T08:27:55.000000000Z,1.13061,1.13063,1.1306,1.13063
13021,EUR_USD,S5,True,4,2022-01-07T08:28:30.000000000Z,1.13068,1.13072,1.13068,1.13072
13069,EUR_USD,S5,True,5,2022-01-07T08:28:45.000000000Z,1.1307,1.13072,1.1307,1.13072
13105,EUR_USD,S5,True,6,2022-01-07T08:29:00.000000000Z,1.13074,1.13078,1.13074,1.13078
13139,EUR_USD,S5,True,2,2022-01-07T08:29:05.000000000Z,1.1308,1.1308,1.13078,1.13078
13159,EUR_USD,S5,True,1,2022-01-07T08:29:15.000000000Z,1.1308,1.1308,1.1308,1.1308
13193,EUR_USD,S5,True,2,2022-01-07T08:29:25.000000000Z,1.13078,1.13078,1.13076,1.13076
13241,EUR_USD,S5,True,4,2022-01-07T08:29:35.000000000Z,1.13077,1.1308,1.13077,1.13079
13294,EUR_USD,S5,True,2,2022-01-07T08:29:55.000000000Z,1.13078,1.13078,1.13077,1.13077
13345,EUR_USD,S5,True,8,2022-01-07T08:30:10.000000000Z,1.13063,1.13064,1.13062,1.13064
13361,EUR_USD,S5,True,6,2022-01-07T08:30:15.000000000Z,1.13063,1.13064,1.13061,1.13061
13395,EUR_USD,S5,True,4,2022-01-07T08:30:20.000000000Z,1.13062,1.13063,1.1306,1.1306
13499,EUR_USD,S5,True,5,2022-01-07T08:30:50.000000000Z,1.1307,1.13073,1.1307,1.13072
13534,EUR_USD,S5,True,8,2022-01-07T08:31:00.000000000Z,1.13074,1.13076,1.13072,1.13072
13588,EUR_USD,S5,True,4,2022-01-07T08:31:20.000000000Z,1.13076,1.13078,1.13076,1.13077
13639,EUR_USD,S5,True,4,2022-01-07T08:31:30.000000000Z,1.13075,1.13077,1.13075,1.13077
13673,EUR_USD,S5,True,1,2022-01-07T08:31:40.000000000Z,1.13076,1.13076,1.13076,1.13076
13691,EUR_USD,S5,True,2,2022-01-07T08:31:50.000000000Z,1.13074,1.13075,1.13074,1.13075
13726,EUR_USD,S5,True,8,2022-01-07T08:32:00.000000000Z,1.13076,1.13086,1.13076,1.13086
13827,EUR_USD,S5,True,1,2022-01-07T08:32:30.000000000Z,1.13077,1.13077,1.13077,1.13077
13947,EUR_USD,S5,True,1,2022-01-07T08:33:00.000000000Z,1.13082,1.13082,1.13082,1.13082
13982,EUR_USD,S5,True,15,2022-01-07T08:33:15.000000000Z,1.13081,1.13081,1.13066,1.13068
14114,EUR_USD,S5,True,2,2022-01-07T08:33:55.000000000Z,1.13072,1.13072,1.13072,1.13072
14166,EUR_USD,S5,True,3,2022-01-07T08:34:10.000000000Z,1.13067,1.1307,1.13067,1.1307
14215,EUR_USD,S5,True,1,2022-01-07T08:34:20.000000000Z,1.13068,1.13068,1.13068,1.13068
14234,EUR_USD,S5,True,2,2022-01-07T08:34:30.000000000Z,1.1307,1.1307,1.13069,1.13069
14270,EUR_USD,S5,True,7,2022-01-07T08:34:40.000000000Z,1.13074,1.13074,1.1307,1.13072
14286,EUR_USD,S5,True,1,2022-01-07T08:34:45.000000000Z,1.13072,1.13072,1.13072,1.13072
14303,EUR_USD,S5,True,5,2022-01-07T08:34:50.000000000Z,1.13073,1.13074,1.13072,1.13073
14338,EUR_USD,S5,True,1,2022-01-07T08:35:00.000000000Z,1.1307,1.1307,1.1307,1.1307
14372,EUR_USD,S5,True,1,2022-01-07T08:35:10.000000000Z,1.13074,1.13074,1.13074,1.13074
14407,EUR_USD,S5,True,7,2022-01-07T08:35:20.000000000Z,1.13074,1.13078,1.13074,1.13078
14458,EUR_USD,S5,True,2,2022-01-07T08:35:30.000000000Z,1.13076,1.13078,1.13076,1.13078
14495,EUR_USD,S5,True,7,2022-01-07T08:35:40.000000000Z,1.1308,1.13083,1.13078,1.13078
14558,EUR_USD,S5,True,4,2022-01-07T08:36:05.000000000Z,1.13076,1.13076,1.13072,1.13074
14594,EUR_USD,S5,True,2,2022-01-07T08:36:15.000000000Z,1.13084,1.13084,1.13082,1.13082
14626,EUR_USD,S5,True,2,2022-01-07T08:36:25.000000000Z,1.13081,1.13082,1.13081,1.13082
14676,EUR_USD,S5,True,1,2022-01-07T08:36:35.000000000Z,1.13084,1.13084,1.13084,1.13084
14747,EUR_USD,S5,True,14,2022-01-07T08:37:00.000000000Z,1.13084,1.13088,1.13083,1.13088
14781,EUR_USD,S5,True,4,2022-01-07T08:37:10.000000000Z,1.13089,1.13089,1.13085,1.13085
14868,EUR_USD,S5,True,1,2022-01-07T08:37:35.000000000Z,1.13088,1.13088,1.13088,1.13088
14937,EUR_USD,S5,True,4,2022-01-07T08:37:55.000000000Z,1.13093,1.13096,1.13093,1.13094
14970,EUR_USD,S5,True,5,2022-01-07T08:38:00.000000000Z,1.13096,1.13096,1.13094,1.13094
15004,EUR_USD,S5,True,1,2022-01-07T08:38:10.000000000Z,1.13096,1.13096,1.13096,1.13096
15038,EUR_USD,S5,True,2,2022-01-07T08:38:30.000000000Z,1.13108,1.13108,1.13108,1.13108
15071,EUR_USD,S5,True,2,2022-01-07T08:38:40.000000000Z,1.13098,1.131,1.13098,1.131
15086,EUR_USD,S5,True,2,2022-01-07T08:38:45.000000000Z,1.13098,1.13098,1.13096,1.13096
15117,EUR_USD,S5,True,5,2022-01-07T08:38:55.000000000Z,1.131,1.13105,1.131,1.13105
15168,EUR_USD,S5,True,1,2022-01-07T08:39:10.000000000Z,1.13099,1.13099,1.13099,1.13099
15287,EUR_USD,S5,True,6,2022-01-07T08:39:45.000000000Z,1.13099,1.13104,1.13099,1.13104
15316,EUR_USD,S5,True,5,2022-01-07T08:39:55.000000000Z,1.131,1.13102,1.13099,1.131
15335,EUR_USD,S5,True,7,2022-01-07T08:40:00.000000000Z,1.13099,1.131,1.13098,1.13099
15353,EUR_USD,S5,True,5,2022-01-07T08:40:05.000000000Z,1.13098,1.13098,1.13096,1.13098
15388,EUR_USD,S5,True,5,2022-01-07T08:40:15.000000000Z,1.13097,1.131,1.13097,1.131
15423,EUR_USD,S5,True,11,2022-01-07T08:40:20.000000000Z,1.13098,1.131,1.13096,1.13096
15456,EUR_USD,S5,True,6,2022-01-07T08:40:35.000000000Z,1.13102,1.13104,1.13102,1.13103
15490,EUR_USD,S5,True,9,2022-01-07T08:40:45.000000000Z,1.13107,1.13113,1.13107,1.13111
15508,EUR_USD,S5,True,8,2022-01-07T08:40:50.000000000Z,1.1311,1.1311,1.13105,1.13105
15543,EUR_USD,S5,True,4,2022-01-07T08:41:00.000000000Z,1.13097,1.13097,1.13094,1.13096
15576,EUR_USD,S5,True,3,2022-01-07T08:41:05.000000000Z,1.13098,1.131,1.13098,1.131
15611,EUR_USD,S5,True,2,2022-01-07T08:41:15.000000000Z,1.131,1.131,1.131,1.131
15647,EUR_USD,S5,True,13,2022-01-07T08:41:25.000000000Z,1.13102,1.13102,1.13094,1.13094
15717,EUR_USD,S5,True,3,2022-01-07T08:41:45.000000000Z,1.13088,1.13088,1.13086,1.13087
15767,EUR_USD,S5,True,2,2022-01-07T08:42:00.000000000Z,1.13093,1.13094,1.13093,1.13094
15801,EUR_USD,S5,True,3,2022-01-07T08:42:15.000000000Z,1.13097,1.131,1.13097,1.131
15813,EUR_USD,S5,True,10,2022-01-07T08:42:20.000000000Z,1.13099,1.13101,1.13094,1.13094
15847,EUR_USD,S5,True,11,2022-01-07T08:42:25.000000000Z,1.13094,1.13098,1.13094,1.13095
15882,EUR_USD,S5,True,8,2022-01-07T08:42:40.000000000Z,1.13096,1.131,1.13096,1.13096
15933,EUR_USD,S5,True,6,2022-01-07T08:42:50.000000000Z,1.13098,1.13099,1.13096,1.13099
15985,EUR_USD,S5,True,2,2022-01-07T08:43:05.000000000Z,1.13098,1.13099,1.13098,1.13099
16002,EUR_USD,S5,True,16,2022-01-07T08:43:15.000000000Z,1.13098,1.13098,1.1308,1.1308
16033,EUR_USD,S5,True,12,2022-01-07T08:43:20.000000000Z,1.1308,1.13084,1.1308,1.13084
16049,EUR_USD,S5,True,10,2022-01-07T08:43:30.000000000Z,1.13086,1.13092,1.13086,1.13092
16132,EUR_USD,S5,True,6,2022-01-07T08:43:50.000000000Z,1.13089,1.13089,1.13082,1.13082
16149,EUR_USD,S5,True,4,2022-01-07T08:44:00.000000000Z,1.13084,1.13088,1.13084,1.13086
16167,EUR_USD,S5,True,10,2022-01-07T08:44:05.000000000Z,1.13088,1.13098,1.13088,1.13098
16200,EUR_USD,S5,True,1,2022-01-07T08:44:15.000000000Z,1.13102,1.13102,1.13102,1.13102
16218,EUR_USD,S5,True,7,2022-01-07T08:44:20.000000000Z,1.131,1.13104,1.13098,1.13104
16235,EUR_USD,S5,True,9,2022-01-07T08:44:25.000000000Z,1.13107,1.13108,1.13104,1.13106
16253,EUR_USD,S5,True,8,2022-01-07T08:44:30.000000000Z,1.13106,1.1311,1.13106,1.13106
16288,EUR_USD,S5,True,2,2022-01-07T08:44:40.000000000Z,1.13108,1.13108,1.13107,1.13107
16341,EUR_USD,S5,True,5,2022-01-07T08:44:55.000000000Z,1.13116,1.1312,1.13116,1.1312
16373,EUR_USD,S5,True,10,2022-01-07T08:45:05.000000000Z,1.13116,1.1312,1.13116,1.1312
16391,EUR_USD,S5,True,8,2022-01-07T08:45:10.000000000Z,1.13119,1.13119,1.1311,1.1311
16477,EUR_USD,S5,True,2,2022-01-07T08:45:35.000000000Z,1.13101,1.13101,1.131,1.131
16493,EUR_USD,S5,True,1,2022-01-07T08:45:40.000000000Z,1.13101,1.13101,1.13101,1.13101
16545,EUR_USD,S5,True,8,2022-01-07T08:45:50.000000000Z,1.13104,1.13108,1.13104,1.13108
16681,EUR_USD,S5,True,8,2022-01-07T08:46:35.000000000Z,1.13126,1.13128,1.13126,1.13128
16697,EUR_USD,S5,True,1,2022-01-07T08:46:40.000000000Z,1.13128,1.13128,1.13128,1.13128
16714,EUR_USD,S5,True,4,2022-01-07T08:46:45.000000000Z,1.13132,1.13132,1.1313,1.13132
16748,EUR_USD,S5,True,6,2022-01-07T08:46:55.000000000Z,1.13134,1.13134,1.13132,1.13132
16852,EUR_USD,S5,True,1,2022-01-07T08:47:20.000000000Z,1.13136,1.13136,1.13136,1.13136
16886,EUR_USD,S5,True,5,2022-01-07T08:47:30.000000000Z,1.13138,1.1314,1.13134,1.13134
16904,EUR_USD,S5,True,2,2022-01-07T08:47:40.000000000Z,1.13136,1.13138,1.13136,1.13138
16990,EUR_USD,S5,True,5,2022-01-07T08:48:05.000000000Z,1.13139,1.13139,1.13134,1.13134
17024,EUR_USD,S5,True,3,2022-01-07T08:48:10.000000000Z,1.13133,1.13135,1.13133,1.13135
17076,EUR_USD,S5,True,3,2022-01-07T08:48:25.000000000Z,1.13134,1.13134,1.13131,1.13131
17093,EUR_USD,S5,True,3,2022-01-07T08:48:35.000000000Z,1.1313,1.13131,1.1313,1.1313
17126,EUR_USD,S5,True,1,2022-01-07T08:48:40.000000000Z,1.13132,1.13132,1.13132,1.13132
17143,EUR_USD,S5,True,4,2022-01-07T08:48:50.000000000Z,1.1313,1.13131,1.1313,1.13131
17161,EUR_USD,S5,True,12,2022-01-07T08:48:55.000000000Z,1.1313,1.13132,1.1313,1.1313
17243,EUR_USD,S5,True,2,2022-01-07T08:49:20.000000000Z,1.13152,1.13154,1.13152,1.13154
17262,EUR_USD,S5,True,9,2022-01-07T08:49:25.000000000Z,1.13152,1.13152,1.13145,1.13146
17278,EUR_USD,S5,True,7,2022-01-07T08:49:30.000000000Z,1.13145,1.13149,1.13145,1.13146
17312,EUR_USD,S5,True,2,2022-01-07T08:49:40.000000000Z,1.13148,1.13148,1.13146,1.13146
17344,EUR_USD,S5,True,12,2022-01-07T08:49:45.000000000Z,1.13148,1.13148,1.1314,1.1314
17379,EUR_USD,S5,True,6,2022-01-07T08:50:00.000000000Z,1.13138,1.13139,1.13136,1.13138
17397,EUR_USD,S5,True,10,2022-01-07T08:50:05.000000000Z,1.13138,1.13139,1.13136,1.13138
17414,EUR_USD,S5,True,2,2022-01-07T08:50:10.000000000Z,1.13138,1.13138,1.13136,1.13136
17498,EUR_USD,S5,True,1,2022-01-07T08:50:35.000000000Z,1.13134,1.13134,1.13134,1.13134
17516,EUR_USD,S5,True,3,2022-01-07T08:50:40.000000000Z,1.13135,1.13135,1.13133,1.13133
17561,EUR_USD,S5,True,4,2022-01-07T08:50:50.000000000Z,1.13138,1.13138,1.13136,1.13136
17625,EUR_USD,S5,True,6,2022-01-07T08:51:15.000000000Z,1.13124,1.1313,1.13124,1.13129
17657,EUR_USD,S5,True,3,2022-01-07T08:51:20.000000000Z,1.13128,1.13128,1.13124,1.13124
17724,EUR_USD,S5,True,3,2022-01-07T08:51:45.000000000Z,1.13124,1.13124,1.13122,1.13124
17741,EUR_USD,S5,True,6,2022-01-07T08:51:50.000000000Z,1.13122,1.13122,1.1312,1.1312
17757,EUR_USD,S5,True,8,2022-01-07T08:51:55.000000000Z,1.13122,1.13128,1.13122,1.13128
17785,EUR_USD,S5,True,10,2022-01-07T08:52:05.000000000Z,1.13132,1.13135,1.13132,1.13133
17813,EUR_USD,S5,True,2,2022-01-07T08:52:10.000000000Z,1.13134,1.13134,1.13133,1.13133
17845,EUR_USD,S5,True,2,2022-01-07T08:52:20.000000000Z,1.13134,1.13136,1.13134,1.13136
17879,EUR_USD,S5,True,13,2022-01-07T08:52:30.000000000Z,1.13134,1.13134,1.13129,1.1313
17947,EUR_USD,S5,True,1,2022-01-07T08:52:55.000000000Z,1.1313,1.1313,1.1313,1.1313
18028,EUR_USD,S5,True,5,2022-01-07T08:53:20.000000000Z,1.1313,1.1313,1.1313,1.1313
18078,EUR_USD,S5,True,1,2022-01-07T08:53:35.000000000Z,1.13123,1.13123,1.13123,1.13123
18096,EUR_USD,S5,True,6,2022-01-07T08:53:40.000000000Z,1.13122,1.13124,1.13122,1.13124
18115,EUR_USD,S5,True,1,2022-01-07T08:53:45.000000000Z,1.13125,1.13125,1.13125,1.13125
18297,EUR_USD,S5,True,1,2022-01-07T08:54:40.000000000Z,1.1311,1.1311,1.1311,1.1311
18347,EUR_USD,S5,True,3,2022-01-07T08:54:50.000000000Z,1.13111,1.13114,1.13111,1.13114
18381,EUR_USD,S5,True,8,2022-01-07T08:55:05.000000000Z,1.13116,1.1312,1.13116,1.13118
18432,EUR_USD,S5,True,5,2022-01-07T08:55:20.000000000Z,1.13118,1.13119,1.13117,1.13118
18501,EUR_USD,S5,True,6,2022-01-07T08:55:35.000000000Z,1.13122,1.13129,1.13122,1.13129
18554,EUR_USD,S5,True,5,2022-01-07T08:55:55.000000000Z,1.1312,1.13124,1.1312,1.13121
18636,EUR_USD,S5,True,6,2022-01-07T08:56:15.000000000Z,1.1313,1.13131,1.13128,1.13131
18673,EUR_USD,S5,True,3,2022-01-07T08:56:25.000000000Z,1.1313,1.1313,1.13128,1.13129
18690,EUR_USD,S5,True,1,2022-01-07T08:56:35.000000000Z,1.13127,1.13127,1.13127,1.13127
18707,EUR_USD,S5,True,4,2022-01-07T08:56:40.000000000Z,1.13128,1.1313,1.13127,1.1313
18812,EUR_USD,S5,True,2,2022-01-07T08:57:05.000000000Z,1.13116,1.13116,1.13114,1.13114
18847,EUR_USD,S5,True,1,2022-01-07T08:57:20.000000000Z,1.13112,1.13112,1.13112,1.13112
18864,EUR_USD,S5,True,22,2022-01-07T08:57:25.000000000Z,1.1311,1.1311,1.13096,1.13096
18899,EUR_USD,S5,True,6,2022-01-07T08:57:35.000000000Z,1.13102,1.13105,1.131,1.13104
18952,EUR_USD,S5,True,2,2022-01-07T08:57:50.000000000Z,1.13107,1.13108,1.13107,1.13108
18969,EUR_USD,S5,True,9,2022-01-07T08:57:55.000000000Z,1.13107,1.1311,1.13106,1.13107
19038,EUR_USD,S5,True,2,2022-01-07T08:58:15.000000000Z,1.13112,1.13112,1.1311,1.1311
19070,EUR_USD,S5,True,12,2022-01-07T08:58:25.000000000Z,1.1311,1.1311,1.13107,1.13107
19122,EUR_USD,S5,True,5,2022-01-07T08:58:40.000000000Z,1.13106,1.13107,1.13106,1.13106
19174,EUR_USD,S5,True,9,2022-01-07T08:58:50.000000000Z,1.13111,1.13112,1.1311,1.13111
19207,EUR_USD,S5,True,1,2022-01-07T08:59:00.000000000Z,1.1311,1.1311,1.1311,1.1311
19310,EUR_USD,S5,True,4,2022-01-07T08:59:30.000000000Z,1.13112,1.13112,1.13111,1.13111
19365,EUR_USD,S5,True,3,2022-01-07T08:59:50.000000000Z,1.13116,1.1312,1.13116,1.1312
19381,EUR_USD,S5,True,3,2022-01-07T08:59:55.000000000Z,1.13121,1.13121,1.1312,1.13121
19468,EUR_USD,S5,True,7,2022-01-07T09:00:20.000000000Z,1.1313,1.13132,1.13129,1.1313
19522,EUR_USD,S5,True,1,2022-01-07T09:00:35.000000000Z,1.1313,1.1313,1.1313,1.1313
19557,EUR_USD,S5,True,7,2022-01-07T09:00:45.000000000Z,1.13128,1.13128,1.13119,1.13119
19590,EUR_USD,S5,True,6,2022-01-07T09:00:55.000000000Z,1.1312,1.13128,1.1312,1.13128
19608,EUR_USD,S5,True,2,2022-01-07T09:01:00.000000000Z,1.13126,1.13128,1.13126,1.13128
19678,EUR_USD,S5,True,1,2022-01-07T09:01:15.000000000Z,1.13118,1.13118,1.13118,1.13118
19767,EUR_USD,S5,True,1,2022-01-07T09:01:45.000000000Z,1.13128,1.13128,1.13128,1.13128
19802,EUR_USD,S5,True,5,2022-01-07T09:01:55.000000000Z,1.13132,1.13135,1.13132,1.13135
19870,EUR_USD,S5,True,2,2022-01-07T09:02:15.000000000Z,1.13136,1.13136,1.13134,1.13134
19938,EUR_USD,S5,True,11,2022-01-07T09:02:30.000000000Z,1.1314,1.1314,1.13136,1.13136
20009,EUR_USD,S5,True,10,2022-01-07T09:02:55.000000000Z,1.13141,1.13144,1.1314,1.13144
20028,EUR_USD,S5,True,4,2022-01-07T09:03:00.000000000Z,1.13143,1.13144,1.13142,1.13142
20062,EUR_USD,S5,True,6,2022-01-07T09:03:10.000000000Z,1.13144,1.13144,1.13142,1.13144
20109,EUR_USD,S5,True,4,2022-01-07T09:03:20.000000000Z,1.13144,1.13144,1.13142,1.13144
20157,EUR_USD,S5,True,2,2022-01-07T09:03:35.000000000Z,1.13144,1.13144,1.13142,1.13142
20175,EUR_USD,S5,True,14,2022-01-07T09:03:45.000000000Z,1.13141,1.13142,1.13134,1.13136
20211,EUR_USD,S5,True,5,2022-01-07T09:03:55.000000000Z,1.13136,1.13138,1.13136,1.13136
20226,EUR_USD,S5,True,6,2022-01-07T09:04:00.000000000Z,1.13138,1.13138,1.13136,1.13137
20243,EUR_USD,S5,True,7,2022-01-07T09:04:05.000000000Z,1.13136,1.13141,1.13136,1.13141
20280,EUR_USD,S5,True,4,2022-01-07T09:04:10.000000000Z,1.13142,1.13142,1.13138,1.13138
20314,EUR_USD,S5,True,6,2022-01-07T09:04:20.000000000Z,1.13137,1.13139,1.13136,1.13138
20346,EUR_USD,S5,True,2,2022-01-07T09:04:35.000000000Z,1.13138,1.13138,1.13136,1.13136
20381,EUR_USD,S5,True,7,2022-01-07T09:04:45.000000000Z,1.13136,1.13137,1.13134,1.13136
20466,EUR_USD,S5,True,10,2022-01-07T09:05:05.000000000Z,1.13139,1.13148,1.13139,1.13146
20502,EUR_USD,S5,True,1,2022-01-07T09:05:20.000000000Z,1.1314,1.1314,1.1314,1.1314
20572,EUR_USD,S5,True,1,2022-01-07T09:05:35.000000000Z,1.13136,1.13136,1.13136,1.13136
20591,EUR_USD,S5,True,2,2022-01-07T09:05:45.000000000Z,1.13132,1.13132,1.13131,1.13131
20642,EUR_USD,S5,True,1,2022-01-07T09:05:55.000000000Z,1.13135,1.13135,1.13135,1.13135
20678,EUR_USD,S5,True,6,2022-01-07T09:06:10.000000000Z,1.13125,1.13128,1.13125,1.13126
20715,EUR_USD,S5,True,1,2022-01-07T09:06:20.000000000Z,1.13114,1.13114,1.13114,1.13114
20732,EUR_USD,S5,True,5,2022-01-07T09:06:25.000000000Z,1.13115,1.13117,1.13115,1.13117
20748,EUR_USD,S5,True,3,2022-01-07T09:06:30.000000000Z,1.13118,1.13118,1.13117,1.13118
20801,EUR_USD,S5,True,1,2022-01-07T09:06:45.000000000Z,1.13127,1.13127,1.13127,1.13127
20837,EUR_USD,S5,True,7,2022-01-07T09:06:50.000000000Z,1.13126,1.13133,1.13126,1.13132
20875,EUR_USD,S5,True,3,2022-01-07T09:07:00.000000000Z,1.13133,1.13136,1.13133,1.13136
20926,EUR_USD,S5,True,2,2022-01-07T09:07:15.000000000Z,1.13135,1.13135,1.13134,1.13134
21028,EUR_USD,S5,True,5,2022-01-07T09:07:45.000000000Z,1.13127,1.13128,1.13124,1.13124
21075,EUR_USD,S5,True,1,2022-01-07T09:08:05.000000000Z,1.1312,1.1312,1.1312,1.1312
21133,EUR_USD,S5,True,2,2022-01-07T09:08:20.000000000Z,1.13114,1.13114,1.13112,1.13112
21164,EUR_USD,S5,True,2,2022-01-07T09:08:30.000000000Z,1.13114,1.13116,1.13114,1.13116
21200,EUR_USD,S5,True,1,2022-01-07T09:08:40.000000000Z,1.13114,1.13114,1.13114,1.13114
21299,EUR_USD,S5,True,4,2022-01-07T09:09:15.000000000Z,1.1312,1.13121,1.13118,1.13118
21348,EUR_USD,S5,True,5,2022-01-07T09:09:25.000000000Z,1.13119,1.1312,1.13116,1.13116
21399,EUR_USD,S5,True,1,2022-01-07T09:09:40.000000000Z,1.13114,1.13114,1.13114,1.13114
21418,EUR_USD,S5,True,2,2022-01-07T09:09:50.000000000Z,1.13116,1.13116,1.13115,1.13115
21484,EUR_USD,S5,True,7,2022-01-07T09:10:10.000000000Z,1.13119,1.13122,1.13119,1.13122
21500,EUR_USD,S5,True,2,2022-01-07T09:10:15.000000000Z,1.1312,1.1312,1.13119,1.13119
21518,EUR_USD,S5,True,4,2022-01-07T09:10:20.000000000Z,1.13121,1.13124,1.1312,1.13124
21588,EUR_USD,S5,True,4,2022-01-07T09:10:40.000000000Z,1.13131,1.13135,1.13131,1.13135
21602,EUR_USD,S5,True,8,2022-01-07T09:10:45.000000000Z,1.13134,1.13136,1.13133,1.13133
