,Unnamed: 0,Instrument,Granularity,Complete,Volume,Time,Open,High,Low,Close,Gains,Loss,Avg_Gain,Avg_Loss,RSI
0,0,EUR_USD,S5,True,2,2022-01-07T07:23:40.000000000Z,1.13044,1.13046,1.13044,1.13046,0,0,0,0,0
1,62,EUR_USD,S5,True,1,2022-01-07T07:24:05.000000000Z,1.13041,1.13041,1.13041,1.13041,0,2.99999999999745E-05,0,0,0
2,106,EUR_USD,S5,True,5,2022-01-07T07:24:20.000000000Z,1.1304,1.1304,1.13038,1.13038,0,9.99999999984347E-06,0,0,0
3,192,EUR_USD,S5,True,4,2022-01-07T07:24:45.000000000Z,1.13039,1.13039,1.13038,1.13038,0,1.00000000000655E-05,0,0,0
4,243,EUR_USD,S5,True,2,2022-01-07T07:25:00.000000000Z,1.13036,1.13037,1.13036,1.13037,0,2.99999999999745E-05,0,0,0
5,266,EUR_USD,S5,True,2,2022-01-07T07:25:15.000000000Z,1.13036,1.13036,1.13035,1.13035,0,0,0,1.59999999999716E-05,0
6,301,EUR_USD,S5,True,1,2022-01-07T07:25:20.000000000Z,1.13033,1.13033,1.13033,1.13033,0,2.99999999999745E-05,0,1.87999999999722E-05,0
7,352,EUR_USD,S5,True,1,2022-01-07T07:25:35.000000000Z,1.13032,1.13032,1.13032,1.13032,0,1.00000000000655E-05,0,1.70399999999908E-05,0
8,437,EUR_USD,S5,True,3,2022-01-07T07:26:00.000000000Z,1.1303,1.1303,1.13027,1.13027,0,1.9999999999909E-05,0,1.76319999999745E-05,0
9,541,EUR_USD,S5,True,1,2022-01-07T07:26:35.000000000Z,1.1303,1.1303,1.1303,1.1303,0,0,0,1.41055999999796E-05,0
10,573,EUR_USD,S5,True,4,2022-01-07T07:26:50.000000000Z,1.13028,1.13028,1.13028,1.13028,0,2.0000000000131E-05,0,1.52844800000099E-05,0
11,607,EUR_USD,S5,True,1,2022-01-07T07:26:55.000000000Z,1.13026,1.13026,1.13026,1.13026,0,1.9999999999909E-05,0,1.62275839999897E-05,0
12,741,EUR_USD,S5,True,1,2022-01-07T07:27:35.000000000Z,1.13026,1.13026,1.13026,1.13026,0,0,0,1.29820671999918E-05,0
13,760,EUR_USD,S5,True,6,2022-01-07T07:27:45.000000000Z,1.13024,1.13026,1.13024,1.13026,0,2.0000000000131E-05,0,1.43856537600196E-05,0
14,792,EUR_USD,S5,True,1,2022-01-07T07:27:50.000000000Z,1.13026,1.13026,1.13026,1.13026,2.0000000000131E-05,0,4.00000000002621E-06,1.15085230080157E-05,25.79
15,827,EUR_USD,S5,True,6,2022-01-07T07:28:00.000000000Z,1.13028,1.13028,1.13027,1.13027,1.9999999999909E-05,0,7.20000000000276E-06,9.20681840641255E-06,43.88
16,860,EUR_USD,S5,True,4,2022-01-07T07:28:10.000000000Z,1.13028,1.13029,1.13026,1.13026,0,0,5.76000000000221E-06,7.36545472513004E-06,43.88
17,995,EUR_USD,S5,True,6,2022-01-07T07:28:50.000000000Z,1.13026,1.13033,1.13026,1.13033,0,1.9999999999909E-05,4.60800000000177E-06,9.89236378008583E-06,31.78
18,1103,EUR_USD,S5,True,2,2022-01-07T07:29:25.000000000Z,1.13035,1.13035,1.13034,1.13034,8.99999999999235E-05,0,2.16863999999861E-05,7.91389102406866E-06,73.26
19,1165,EUR_USD,S5,True,5,2022-01-07T07:29:45.000000000Z,1.13035,1.1304,1.13035,1.1304,0,0,1.73491199999889E-05,6.33111281925493E-06,73.26
20,1212,EUR_USD,S5,True,1,2022-01-07T07:30:05.000000000Z,1.13038,1.13038,1.13038,1.13038,2.99999999999745E-05,0,1.9879295999986E-05,5.06489025540394E-06,79.7
21,1243,EUR_USD,S5,True,4,2022-01-07T07:30:10.000000000Z,1.13036,1.1304,1.13036,1.13038,0,1.9999999999909E-05,1.59034367999888E-05,8.05191220430495E-06,66.39
22,1303,EUR_USD,S5,True,2,2022-01-07T07:30:30.000000000Z,1.13036,1.13038,1.13036,1.13038,0,0,1.2722749439991E-05,6.44152976344396E-06,66.39
23,1402,EUR_USD,S5,True,7,2022-01-07T07:31:00.000000000Z,1.13043,1.13048,1.13043,1.13046,7.00000000000145E-05,0,2.41781995519957E-05,5.15322381075517E-06,82.43
24,1436,EUR_USD,S5,True,7,2022-01-07T07:31:15.000000000Z,1.13046,1.13046,1.13043,1.13043,2.99999999999745E-05,0,2.53425596415915E-05,4.12257904860413E-06,86.01
25,1467,EUR_USD,S5,True,5,2022-01-07T07:31:20.000000000Z,1.13044,1.13047,1.13044,1.13047,0,2.0000000000131E-05,2.02740477132732E-05,7.29806323890951E-06,73.53
26,1485,EUR_USD,S5,True,1,2022-01-07T07:31:30.000000000Z,1.13046,1.13046,1.13046,1.13046,2.0000000000131E-05,0,2.02192381706448E-05,5.83845059112761E-06,77.59
27,1519,EUR_USD,S5,True,3,2022-01-07T07:31:35.000000000Z,1.13044,1.13047,1.13044,1.13047,0,2.0000000000131E-05,1.61753905365158E-05,8.67076047292829E-06,65.1
28,1554,EUR_USD,S5,True,4,2022-01-07T07:31:50.000000000Z,1.13049,1.13054,1.13049,1.13052,5.00000000001055E-05,0,2.29403124292337E-05,6.93660837834263E-06,76.78
29,1573,EUR_USD,S5,True,3,2022-01-07T07:31:55.000000000Z,1.13053,1.13053,1.13052,1.13052,4.000000000004E-05,0,2.6352249943395E-05,5.54928670267411E-06,82.6
30,1620,EUR_USD,S5,True,2,2022-01-07T07:32:05.000000000Z,1.1305,1.1305,1.13048,1.13048,0,2.99999999999745E-05,2.1081799954716E-05,1.04394293621342E-05,66.88
31,1639,EUR_USD,S5,True,7,2022-01-07T07:32:15.000000000Z,1.1305,1.13052,1.1305,1.1305,0,0,1.68654399637728E-05,8.35154348970735E-06,66.88
32,1657,EUR_USD,S5,True,2,2022-01-07T07:32:20.000000000Z,1.13052,1.13052,1.1305,1.1305,1.9999999999909E-05,0,1.7492351971E-05,6.68123479176588E-06,72.36
33,1686,EUR_USD,S5,True,1,2022-01-07T07:32:25.000000000Z,1.13049,1.13049,1.13049,1.13049,0,2.99999999999745E-05,1.39938815768E-05,1.13449878334076E-05,55.23
34,1721,EUR_USD,S5,True,6,2022-01-07T07:32:35.000000000Z,1.1305,1.13052,1.13048,1.13048,1.00000000000655E-05,0,1.31951052614531E-05,9.07599026672608E-06,59.25
35,1756,EUR_USD,S5,True,4,2022-01-07T07:32:45.000000000Z,1.13046,1.1305,1.13046,1.1305,0,4.000000000004E-05,1.05560842091625E-05,1.52607922133889E-05,40.89
36,1789,EUR_USD,S5,True,2,2022-01-07T07:32:55.000000000Z,1.13049,1.1305,1.13049,1.1305,2.99999999999745E-05,0,1.44448673673249E-05,1.22086337707111E-05,54.2
37,1806,EUR_USD,S5,True,15,2022-01-07T07:33:05.000000000Z,1.13052,1.13053,1.13051,1.13052,2.99999999999745E-05,0,1.75558938938548E-05,9.76690701656887E-06,64.25
38,1825,EUR_USD,S5,True,4,2022-01-07T07:33:10.000000000Z,1.13051,1.13052,1.13051,1.13052,0,1.00000000000655E-05,1.40447151150839E-05,9.8135256132682E-06,58.87
39,1873,EUR_USD,S5,True,1,2022-01-07T07:33:20.000000000Z,1.1305,1.1305,1.1305,1.1305,0,9.99999999984347E-06,1.12357720920671E-05,9.85082049058325E-06,53.28
40,1959,EUR_USD,S5,True,3,2022-01-07T07:33:50.000000000Z,1.13048,1.13049,1.13048,1.13048,0,2.0000000000131E-05,8.98861767365367E-06,1.18806563924928E-05,43.07
41,2011,EUR_USD,S5,True,5,2022-01-07T07:34:00.000000000Z,1.13048,1.1305,1.13046,1.1305,0,0,7.19089413892293E-06,9.50452511399424E-06,43.07
42,2129,EUR_USD,S5,True,9,2022-01-07T07:34:35.000000000Z,1.13046,1.1305,1.13044,1.1305,0,1.9999999999909E-05,5.75271531113835E-06,1.16036200911772E-05,33.14
43,2166,EUR_USD,S5,True,2,2022-01-07T07:34:50.000000000Z,1.13052,1.13054,1.13052,1.13054,5.9999999999949E-05,0,1.66021722489005E-05,9.28289607294175E-06,64.14
44,2200,EUR_USD,S5,True,7,2022-01-07T07:34:55.000000000Z,1.13052,1.13054,1.13052,1.13054,0,0,1.32817377991204E-05,7.4263168583534E-06,64.14
45,2235,EUR_USD,S5,True,2,2022-01-07T07:35:05.000000000Z,1.13053,1.13053,1.13052,1.13052,1.00000000000655E-05,0,1.26253902393094E-05,5.94105348668272E-06,68
46,2253,EUR_USD,S5,True,5,2022-01-07T07:35:15.000000000Z,1.13053,1.13053,1.13051,1.13051,0,0,1.01003121914475E-05,4.75284278934618E-06,68
47,2286,EUR_USD,S5,True,5,2022-01-07T07:35:20.000000000Z,1.13052,1.13056,1.13052,1.13055,0,1.00000000000655E-05,8.08024975315802E-06,5.80227423149005E-06,58.2
48,2339,EUR_USD,S5,True,3,2022-01-07T07:35:35.000000000Z,1.13052,1.13056,1.13052,1.13056,0,0,6.46419980252642E-06,4.64181938519204E-06,58.2
49,2391,EUR_USD,S5,True,5,2022-01-07T07:35:55.000000000Z,1.13056,1.1306,1.13056,1.1306,4.000000000004E-05,0,1.31713598420291E-05,3.71345550815363E-06,78.01
50,2409,EUR_USD,S5,True,9,2022-01-07T07:36:00.000000000Z,1.1306,1.1306,1.13052,1.13054,4.000000000004E-05,0,1.85370878736313E-05,2.9707644065229E-06,86.19
51,2443,EUR_USD,S5,True,4,2022-01-07T07:36:05.000000000Z,1.13052,1.13056,1.13052,1.13054,0,8.000000000008E-05,1.4829670298905E-05,1.83766115252343E-05,44.66
52,2461,EUR_USD,S5,True,2,2022-01-07T07:36:15.000000000Z,1.13055,1.13056,1.13055,1.13056,2.99999999999745E-05,0,1.78637362391189E-05,1.47012892201875E-05,54.86
53,2480,EUR_USD,S5,True,3,2022-01-07T07:36:20.000000000Z,1.13055,1.13056,1.13054,1.13056,0,0,1.42909889912951E-05,1.176103137615E-05,54.86
54,2531,EUR_USD,S5,True,1,2022-01-07T07:36:30.000000000Z,1.13056,1.13056,1.13056,1.13056,1.00000000000655E-05,0,1.34327911930492E-05,9.40882510091997E-06,58.81
55,2550,EUR_USD,S5,True,3,2022-01-07T07:36:40.000000000Z,1.13058,1.13058,1.13057,1.13057,1.9999999999909E-05,0,1.47462329544212E-05,7.52706008073598E-06,66.21
56,2602,EUR_USD,S5,True,3,2022-01-07T07:36:55.000000000Z,1.13056,1.13056,1.13056,1.13056,0,1.9999999999909E-05,1.17969863635369E-05,1.00216480645706E-05,54.07
57,2620,EUR_USD,S5,True,5,2022-01-07T07:37:00.000000000Z,1.13054,1.13057,1.13054,1.13057,0,1.9999999999909E-05,9.43758909082955E-06,1.20173184516383E-05,43.99
58,2673,EUR_USD,S5,True,1,2022-01-07T07:37:15.000000000Z,1.13056,1.13056,1.13056,1.13056,1.9999999999909E-05,0,1.15500712726454E-05,9.61385476131061E-06,54.57
59,2726,EUR_USD,S5,True,7,2022-01-07T07:37:25.000000000Z,1.13052,1.13052,1.1305,1.13051,0,4.000000000004E-05,9.24005701811635E-06,1.56910838090565E-05,37.06
60,2763,EUR_USD,S5,True,5,2022-01-07T07:37:40.000000000Z,1.13047,1.13047,1.13046,1.13047,0,4.99999999998835E-05,7.39204561449308E-06,2.25528670472219E-05,24.69
61,2780,EUR_USD,S5,True,1,2022-01-07T07:37:45.000000000Z,1.13046,1.13046,1.13046,1.13046,0,1.00000000000655E-05,5.91363649159446E-06,2.00422936377906E-05,22.78
62,2835,EUR_USD,S5,True,6,2022-01-07T07:38:00.000000000Z,1.13052,1.13054,1.13052,1.13054,5.9999999999949E-05,0,1.67309091932654E-05,1.60338349102325E-05,51.06
63,2866,EUR_USD,S5,True,3,2022-01-07T07:38:05.000000000Z,1.13052,1.13053,1.13052,1.13052,0,0,1.33847273546123E-05,1.2827067928186E-05,51.06
64,2901,EUR_USD,S5,True,2,2022-01-07T07:38:20.000000000Z,1.13052,1.13052,1.13052,1.13052,0,0,1.07077818836898E-05,1.02616543425488E-05,51.06
65,2919,EUR_USD,S5,True,1,2022-01-07T07:38:25.000000000Z,1.13052,1.13052,1.13052,1.13052,0,0,8.56622550695187E-06,8.20932347403903E-06,51.06
66,2936,EUR_USD,S5,True,5,2022-01-07T07:38:30.000000000Z,1.13052,1.13054,1.13052,1.13052,0,0,6.8529804055615E-06,6.56745877923123E-06,51.06
67,2987,EUR_USD,S5,True,3,2022-01-07T07:38:45.000000000Z,1.13046,1.13048,1.13046,1.13046,0,5.9999999999949E-05,5.4823843244492E-06,1.72539670233748E-05,24.11
68,3022,EUR_USD,S5,True,4,2022-01-07T07:38:50.000000000Z,1.13044,1.13044,1.13043,1.13043,0,2.0000000000131E-05,4.38590745955936E-06,1.7803173618726E-05,19.77
69,3091,EUR_USD,S5,True,2,2022-01-07T07:39:10.000000000Z,1.13047,1.13049,1.13047,1.13049,3.00000000001965E-05,0,9.50872596768679E-06,1.42425388949808E-05,40.03
70,3141,EUR_USD,S5,True,4,2022-01-07T07:39:25.000000000Z,1.1305,1.13052,1.1305,1.13052,2.99999999999745E-05,0,1.36069807741443E-05,1.13940311159847E-05,54.43
71,3177,EUR_USD,S5,True,2,2022-01-07T07:39:40.000000000Z,1.13052,1.13054,1.13052,1.13054,1.9999999999909E-05,0,1.48855846192973E-05,9.11522489278772E-06,62.02
72,3211,EUR_USD,S5,True,2,2022-01-07T07:39:45.000000000Z,1.13052,1.13054,1.13052,1.13054,0,0,1.19084676954378E-05,7.29217991423018E-06,62.02
73,3264,EUR_USD,S5,True,1,2022-01-07T07:40:00.000000000Z,1.13052,1.13052,1.13052,1.13052,0,0,9.52677415635025E-06,5.83374393138415E-06,62.02
74,3387,EUR_USD,S5,True,5,2022-01-07T07:40:35.000000000Z,1.13053,1.13057,1.13053,1.13056,1.00000000000655E-05,0,9.6214193250933E-06,4.66699514510732E-06,67.34
75,3507,EUR_USD,S5,True,2,2022-01-07T07:41:10.000000000Z,1.13055,1.13056,1.13055,1.13056,1.9999999999909E-05,0,1.16971354600564E-05,3.73359611608585E-06,75.8
76,3559,EUR_USD,S5,True,1,2022-01-07T07:41:25.000000000Z,1.13056,1.13056,1.13056,1.13056,1.00000000000655E-05,0,1.13577083680583E-05,2.98687689286868E-06,79.18
77,3613,EUR_USD,S5,True,3,2022-01-07T07:41:45.000000000Z,1.13055,1.13056,1.13054,1.13056,0,1.00000000000655E-05,9.0861666944466E-06,4.38950151430805E-06,67.43
78,3644,EUR_USD,S5,True,1,2022-01-07T07:41:50.000000000Z,1.13056,1.13056,1.13056,1.13056,1.00000000000655E-05,0,9.26893335557038E-06,3.51160121144644E-06,72.52
79,3676,EUR_USD,S5,True,3,2022-01-07T07:42:00.000000000Z,1.13056,1.13056,1.13054,1.13056,0,0,7.41514668445631E-06,2.80928096915715E-06,72.52
80,3713,EUR_USD,S5,True,4,2022-01-07T07:42:15.000000000Z,1.13054,1.13056,1.13054,1.13056,0,1.9999999999909E-05,5.93211734756505E-06,6.24742477530752E-06,48.71
81,3746,EUR_USD,S5,True,9,2022-01-07T07:42:20.000000000Z,1.13056,1.13056,1.13046,1.13046,1.9999999999909E-05,0,8.74569387803383E-06,4.99793982024601E-06,63.63
82,3799,EUR_USD,S5,True,3,2022-01-07T07:42:35.000000000Z,1.13046,1.13046,1.13044,1.13046,0,9.9999999999989E-05,6.99655510242707E-06,2.39983518561946E-05,22.57
83,3855,EUR_USD,S5,True,1,2022-01-07T07:42:50.000000000Z,1.13046,1.13046,1.13046,1.13046,0,0,5.59724408194165E-06,1.91986814849557E-05,22.57
84,3954,EUR_USD,S5,True,8,2022-01-07T07:43:20.000000000Z,1.13045,1.13046,1.13042,1.13044,0,1.00000000000655E-05,4.47779526555332E-06,1.73589451879777E-05,20.51
85,4017,EUR_USD,S5,True,4,2022-01-07T07:43:45.000000000Z,1.13037,1.13037,1.13036,1.13036,0,7.9999999999858E-05,3.58223621244266E-06,2.98871561503537E-05,10.7
86,4030,EUR_USD,S5,True,7,2022-01-07T07:43:50.000000000Z,1.13037,1.13037,1.13035,1.13037,0,0,2.86578896995413E-06,2.3909724920283E-05,10.7
87,4084,EUR_USD,S5,True,1,2022-01-07T07:44:05.000000000Z,1.13034,1.13034,1.13034,1.13034,0,3.00000000001965E-05,2.2926311759633E-06,2.51277799362657E-05,8.36
88,4109,EUR_USD,S5,True,2,2022-01-07T07:44:15.000000000Z,1.13032,1.13032,1.1303,1.1303,0,1.9999999999909E-05,1.83410494077064E-06,2.41022239489943E-05,7.07
89,4159,EUR_USD,S5,True,8,2022-01-07T07:44:30.000000000Z,1.1303,1.1303,1.13028,1.13028,0,1.9999999999909E-05,1.46728395261651E-06,2.32817791591773E-05,5.93
90,4192,EUR_USD,S5,True,1,2022-01-07T07:44:45.000000000Z,1.1303,1.1303,1.1303,1.1303,0,0,1.17382716209321E-06,1.86254233273418E-05,5.93
91,4240,EUR_USD,S5,True,8,2022-01-07T07:45:00.000000000Z,1.13026,1.13026,1.1302,1.13022,0,4.000000000004E-05,9.39061729674568E-07,2.29003386618815E-05,3.94
92,4321,EUR_USD,S5,True,4,2022-01-07T07:45:20.000000000Z,1.13028,1.13028,1.13025,1.13026,1.9999999999909E-05,0,4.75124938372145E-06,1.83202709295052E-05,20.59
93,4384,EUR_USD,S5,True,6,2022-01-07T07:45:40.000000000Z,1.13029,1.13032,1.13029,1.13032,1.00000000000655E-05,0,5.80099950699026E-06,1.46562167436041E-05,28.36
94,4415,EUR_USD,S5,True,1,2022-01-07T07:45:55.000000000Z,1.1303,1.1303,1.1303,1.1303,1.00000000000655E-05,0,6.64079960560531E-06,1.17249733948833E-05,36.16
95,4450,EUR_USD,S5,True,6,2022-01-07T07:46:00.000000000Z,1.13029,1.13029,1.13022,1.13022,0,1.00000000000655E-05,5.31263968448425E-06,1.13799787159197E-05,31.83
96,4501,EUR_USD,S5,True,2,2022-01-07T07:46:15.000000000Z,1.1302,1.13022,1.1302,1.13022,0,8.99999999999235E-05,4.2501117475874E-06,2.71039829727205E-05,13.56
97,4547,EUR_USD,S5,True,6,2022-01-07T07:46:30.000000000Z,1.1302,1.1302,1.13017,1.13017,0,0,3.40008939806992E-06,2.16831863781764E-05,13.56
98,4586,EUR_USD,S5,True,3,2022-01-07T07:46:50.000000000Z,1.13015,1.13016,1.13015,1.13015,0,5.00000000001055E-05,2.72007151845594E-06,2.73465491025622E-05,9.05
99,4618,EUR_USD,S5,True,5,2022-01-07T07:46:55.000000000Z,1.13016,1.13017,1.13015,1.13016,1.00000000000655E-05,0,4.17605721477785E-06,2.18772392820498E-05,16.03
100,4687,EUR_USD,S5,True,1,2022-01-07T07:47:15.000000000Z,1.13012,1.13012,1.13012,1.13012,0,4.000000000004E-05,3.34084577182228E-06,2.55017914256478E-05,11.58
101,4720,EUR_USD,S5,True,2,2022-01-07T07:47:25.000000000Z,1.13012,1.13012,1.13012,1.13012,0,0,2.67267661745782E-06,2.04014331405183E-05,11.58
102,4736,EUR_USD,S5,True,2,2022-01-07T07:47:35.000000000Z,1.1301,1.13012,1.1301,1.13012,0,1.9999999999909E-05,2.13814129396626E-06,2.03211465123964E-05,9.52
103,4754,EUR_USD,S5,True,2,2022-01-07T07:47:40.000000000Z,1.1301,1.13012,1.1301,1.13012,0,0,1.71051303517301E-06,1.62569172099171E-05,9.52
104,4803,EUR_USD,S5,True,1,2022-01-07T07:47:50.000000000Z,1.13006,1.13006,1.13006,1.13006,0,4.000000000004E-05,1.36841042813841E-06,2.10055337679417E-05,6.12
105,4871,EUR_USD,S5,True,2,2022-01-07T07:48:10.000000000Z,1.13006,1.13006,1.13005,1.13005,0,0,1.09472834251072E-06,1.68044270143534E-05,6.12
106,4889,EUR_USD,S5,True,2,2022-01-07T07:48:20.000000000Z,1.13006,1.13006,1.13006,1.13006,0,0,8.7578267400858E-07,1.34435416114827E-05,6.12
107,4904,EUR_USD,S5,True,10,2022-01-07T07:48:25.000000000Z,1.13006,1.1301,1.13006,1.13009,0,0,7.00626139206864E-07,1.07548332891862E-05,6.12
108,4970,EUR_USD,S5,True,3,2022-01-07T07:48:40.000000000Z,1.13014,1.13015,1.13014,1.13014,7.9999999999858E-05,0,1.65605009113371E-05,8.60386663134892E-06,65.81
109,5042,EUR_USD,S5,True,9,2022-01-07T07:49:05.000000000Z,1.13016,1.13016,1.13014,1.13016,2.0000000000131E-05,0,1.72484007290959E-05,6.88309330507914E-06,71.48
110,5059,EUR_USD,S5,True,8,2022-01-07T07:49:10.000000000Z,1.13016,1.13016,1.13008,1.13008,0,0,1.37987205832767E-05,5.50647464406331E-06,71.48
111,5111,EUR_USD,S5,True,6,2022-01-07T07:49:20.000000000Z,1.13012,1.13015,1.1301,1.1301,0,4.000000000004E-05,1.10389764666214E-05,1.24051797152586E-05,47.09
112,5131,EUR_USD,S5,True,8,2022-01-07T07:49:30.000000000Z,1.13012,1.13014,1.1301,1.13012,0,0,8.83118117329709E-06,9.92414377220692E-06,47.09
113,5182,EUR_USD,S5,True,3,2022-01-07T07:49:40.000000000Z,1.13014,1.13016,1.13014,1.13016,1.9999999999909E-05,0,1.10649449386195E-05,7.93931501776554E-06,58.22
114,5267,EUR_USD,S5,True,14,2022-01-07T07:50:05.000000000Z,1.13018,1.13026,1.13018,1.13026,4.000000000004E-05,0,1.68519559509036E-05,6.35145201421243E-06,72.63
115,5303,EUR_USD,S5,True,5,2022-01-07T07:50:20.000000000Z,1.13028,1.13032,1.13028,1.13032,9.9999999999989E-05,0,3.34815647607206E-05,5.08116161136994E-06,86.82
116,5320,EUR_USD,S5,True,4,2022-01-07T07:50:25.000000000Z,1.1303,1.13036,1.1303,1.13036,2.0000000000131E-05,0,3.07852518086027E-05,4.06492928909595E-06,88.34
117,5368,EUR_USD,S5,True,3,2022-01-07T07:50:35.000000000Z,1.13033,1.13036,1.13033,1.13036,2.99999999999745E-05,0,3.06282014468771E-05,3.25194343127676E-06,90.4
118,5403,EUR_USD,S5,True,10,2022-01-07T07:50:50.000000000Z,1.13037,1.13037,1.13028,1.13028,4.000000000004E-05,0,3.25025611575097E-05,2.60155474502141E-06,92.59
119,5420,EUR_USD,S5,True,3,2022-01-07T07:50:55.000000000Z,1.13028,1.13031,1.13028,1.13031,0,9.00000000001455E-05,2.60020489260077E-05,2.00812437960462E-05,56.42
120,5471,EUR_USD,S5,True,1,2022-01-07T07:51:05.000000000Z,1.13028,1.13028,1.13028,1.13028,0,0,2.08016391408062E-05,1.6064995036837E-05,56.42
121,5524,EUR_USD,S5,True,2,2022-01-07T07:51:20.000000000Z,1.13026,1.13028,1.13026,1.13028,0,1.9999999999909E-05,1.6641311312645E-05,1.68519960294514E-05,49.69
122,5594,EUR_USD,S5,True,1,2022-01-07T07:51:45.000000000Z,1.13024,1.13024,1.13024,1.13024,0,2.0000000000131E-05,1.3313049050116E-05,1.74815968235873E-05,43.23
123,5629,EUR_USD,S5,True,1,2022-01-07T07:51:50.000000000Z,1.13023,1.13023,1.13023,1.13023,0,9.99999999984347E-06,1.06504392400928E-05,1.59852774588385E-05,39.99
124,5646,EUR_USD,S5,True,3,2022-01-07T07:52:00.000000000Z,1.13022,1.13022,1.13021,1.13022,0,1.00000000000655E-05,8.52035139207421E-06,1.47882219670839E-05,36.55
125,5729,EUR_USD,S5,True,2,2022-01-07T07:52:25.000000000Z,1.13026,1.13026,1.13026,1.13026,4.000000000004E-05,0,1.48162811136674E-05,1.18305775736672E-05,55.6
126,5799,EUR_USD,S5,True,3,2022-01-07T07:52:45.000000000Z,1.13022,1.13022,1.13021,1.13021,0,4.000000000004E-05,1.18530248909339E-05,1.74644620589417E-05,40.43
127,5835,EUR_USD,S5,True,1,2022-01-07T07:52:50.000000000Z,1.13023,1.13023,1.13023,1.13023,1.00000000000655E-05,0,1.14824199127602E-05,1.39715696471534E-05,45.11
128,5903,EUR_USD,S5,True,3,2022-01-07T07:53:15.000000000Z,1.13022,1.13023,1.13022,1.13022,0,1.00000000000655E-05,9.18593593020818E-06,1.31772557177358E-05,41.08
129,5970,EUR_USD,S5,True,1,2022-01-07T07:53:30.000000000Z,1.13022,1.13022,1.13022,1.13022,0,0,7.34874874416654E-06,1.05418045741886E-05,41.08
130,6020,EUR_USD,S5,True,1,2022-01-07T07:53:45.000000000Z,1.13024,1.13024,1.13024,1.13024,1.9999999999909E-05,0,9.87899899531503E-06,8.43344365935091E-06,53.95
131,6072,EUR_USD,S5,True,9,2022-01-07T07:54:00.000000000Z,1.13022,1.13022,1.13014,1.13014,0,1.9999999999909E-05,7.90319919625202E-06,1.07467549274625E-05,42.38
132,6091,EUR_USD,S5,True,3,2022-01-07T07:54:10.000000000Z,1.13016,1.13018,1.13016,1.13016,0,5.9999999999949E-05,6.32255935700162E-06,2.05974039419598E-05,23.49
133,6108,EUR_USD,S5,True,1,2022-01-07T07:54:15.000000000Z,1.13017,1.13017,1.13017,1.13017,9.99999999984347E-06,0,7.05804748556999E-06,1.64779231535679E-05,29.99
134,6142,EUR_USD,S5,True,4,2022-01-07T07:54:20.000000000Z,1.13016,1.1302,1.13016,1.1302,0,9.99999999984347E-06,5.64643798845599E-06,1.5182338522823E-05,27.11
135,6159,EUR_USD,S5,True,1,2022-01-07T07:54:30.000000000Z,1.13022,1.13022,1.13022,1.13022,5.9999999999949E-05,0,1.65171503907546E-05,1.21458708182584E-05,57.63
136,6209,EUR_USD,S5,True,7,2022-01-07T07:54:40.000000000Z,1.13018,1.13018,1.13011,1.13012,0,4.000000000004E-05,1.32137203126037E-05,1.77166966546147E-05,42.72
137,6228,EUR_USD,S5,True,12,2022-01-07T07:54:50.000000000Z,1.13012,1.13023,1.13012,1.1302,0,5.9999999999949E-05,1.05709762500829E-05,2.61733573236816E-05,28.77
138,6244,EUR_USD,S5,True,2,2022-01-07T07:54:55.000000000Z,1.1302,1.1302,1.13018,1.13018,8.000000000008E-05,0,2.44567810000824E-05,2.09386858589452E-05,53.87
139,6277,EUR_USD,S5,True,5,2022-01-07T07:55:00.000000000Z,1.1302,1.13022,1.13018,1.13022,0,0,1.95654248000659E-05,1.67509486871562E-05,53.87
140,6313,EUR_USD,S5,True,3,2022-01-07T07:55:15.000000000Z,1.13032,1.13032,1.13028,1.13028,0.00012,0,3.96523398400323E-05,1.3400758949725E-05,74.74
141,6330,EUR_USD,S5,True,1,2022-01-07T07:55:20.000000000Z,1.13029,1.13029,1.13029,1.13029,0,2.99999999999745E-05,3.17218718720258E-05,1.67206071597749E-05,65.48
142,6364,EUR_USD,S5,True,5,2022-01-07T07:55:30.000000000Z,1.13027,1.13027,1.13023,1.13026,0,1.9999999999909E-05,2.53774974976207E-05,1.73764857278017E-05,59.36
143,6380,EUR_USD,S5,True,5,2022-01-07T07:55:35.000000000Z,1.13028,1.13032,1.13028,1.13032,9.99999999984347E-06,0,2.23019979980652E-05,1.39011885822414E-05,61.6
144,6396,EUR_USD,S5,True,4,2022-01-07T07:55:40.000000000Z,1.13033,1.13033,1.1303,1.13032,5.00000000001055E-05,0,2.78415983984733E-05,1.11209508657931E-05,71.46
145,6450,EUR_USD,S5,True,4,2022-01-07T07:55:55.000000000Z,1.13042,1.13042,1.13042,1.13042,8.99999999999235E-05,0,4.02732787187633E-05,8.89676069263446E-06,81.91
146,6483,EUR_USD,S5,True,2,2022-01-07T07:56:05.000000000Z,1.13044,1.13046,1.13044,1.13046,1.9999999999909E-05,0,3.62186229749925E-05,7.11740855410757E-06,83.58
147,6502,EUR_USD,S5,True,15,2022-01-07T07:56:10.000000000Z,1.13047,1.13052,1.13046,1.1305,3.00000000001965E-05,0,3.49748983800333E-05,5.69392684328606E-06,86
148,6520,EUR_USD,S5,True,2,2022-01-07T07:56:15.000000000Z,1.13048,1.1305,1.13048,1.1305,9.99999999984347E-06,0,2.99799187039953E-05,4.55514147462885E-06,86.81
149,6551,EUR_USD,S5,True,7,2022-01-07T07:56:20.000000000Z,1.13048,1.13053,1.13048,1.13052,0,0,2.39839349631962E-05,3.64411317970308E-06,86.81
150,6589,EUR_USD,S5,True,2,2022-01-07T07:56:35.000000000Z,1.1305,1.13053,1.1305,1.13053,2.0000000000131E-05,0,2.31871479705832E-05,2.91529054376246E-06,88.83
151,6624,EUR_USD,S5,True,4,2022-01-07T07:56:45.000000000Z,1.13052,1.13052,1.1305,1.13052,1.9999999999909E-05,0,2.25497183764484E-05,2.33223243500997E-06,90.63
152,6642,EUR_USD,S5,True,11,2022-01-07T07:56:50.000000000Z,1.13054,1.13056,1.13052,1.13054,2.0000000000131E-05,0,2.20397747011849E-05,1.86578594800798E-06,92.2
153,6692,EUR_USD,S5,True,4,2022-01-07T07:57:05.000000000Z,1.13052,1.13052,1.1305,1.1305,0,2.0000000000131E-05,1.76318197609479E-05,5.49262875843259E-06,76.25
154,6728,EUR_USD,S5,True,2,2022-01-07T07:57:15.000000000Z,1.13049,1.1305,1.13049,1.1305,0,2.99999999999745E-05,1.41054558087583E-05,1.0394103006741E-05,57.57
155,6744,EUR_USD,S5,True,6,2022-01-07T07:57:20.000000000Z,1.13052,1.13053,1.13051,1.13051,2.99999999999745E-05,0,1.72843646470016E-05,8.31528240539277E-06,67.52
156,6761,EUR_USD,S5,True,6,2022-01-07T07:57:25.000000000Z,1.13052,1.13053,1.13051,1.13051,0,0,1.38274917176012E-05,6.65222592431422E-06,67.52
157,6797,EUR_USD,S5,True,3,2022-01-07T07:57:30.000000000Z,1.13052,1.13054,1.13052,1.13052,0,0,1.1061993374081E-05,5.32178073945138E-06,67.52
158,6832,EUR_USD,S5,True,3,2022-01-07T07:57:45.000000000Z,1.13049,1.1305,1.13049,1.13049,0,2.99999999999745E-05,8.8495946992648E-06,1.0257424591556E-05,46.32
159,6865,EUR_USD,S5,True,5,2022-01-07T07:57:55.000000000Z,1.13049,1.13049,1.13048,1.13049,0,0,7.07967575941184E-06,8.2059396732448E-06,46.32
160,6899,EUR_USD,S5,True,7,2022-01-07T07:58:00.000000000Z,1.13048,1.13048,1.13046,1.13048,0,1.00000000000655E-05,5.66374060752947E-06,8.56475173860894E-06,39.81
161,6968,EUR_USD,S5,True,5,2022-01-07T07:58:20.000000000Z,1.13045,1.13047,1.13045,1.13047,0,2.99999999999745E-05,4.53099248602358E-06,1.28518013908821E-05,26.07
162,6986,EUR_USD,S5,True,6,2022-01-07T07:58:30.000000000Z,1.13049,1.13051,1.13048,1.13051,4.000000000004E-05,0,1.16247939888269E-05,1.02814411127056E-05,53.07
163,7043,EUR_USD,S5,True,6,2022-01-07T07:58:50.000000000Z,1.1305,1.13052,1.1305,1.13052,1.00000000000655E-05,0,1.12998351910746E-05,8.22515289016451E-06,57.87
164,7095,EUR_USD,S5,True,2,2022-01-07T07:59:05.000000000Z,1.1305,1.1305,1.13049,1.13049,0,0,9.03986815285967E-06,6.58012231213161E-06,57.87
165,7111,EUR_USD,S5,True,10,2022-01-07T07:59:10.000000000Z,1.1305,1.13057,1.13048,1.13056,0,0,7.23189452228774E-06,5.26409784970529E-06,57.87
166,7178,EUR_USD,S5,True,1,2022-01-07T07:59:25.000000000Z,1.13053,1.13053,1.13053,1.13053,2.99999999999745E-05,0,1.17855156178251E-05,4.21127827976423E-06,73.67
167,7297,EUR_USD,S5,True,16,2022-01-07T08:00:00.000000000Z,1.13058,1.13058,1.13056,1.13056,4.99999999998835E-05,0,1.94284124942368E-05,3.36902262381138E-06,85.22
168,7350,EUR_USD,S5,True,9,2022-01-07T08:00:15.000000000Z,1.13053,1.13063,1.13053,1.13062,0,4.99999999998835E-05,1.55427299953894E-05,1.26952180990258E-05,55.04
169,7367,EUR_USD,S5,True,9,2022-01-07T08:00:25.000000000Z,1.13064,1.13066,1.13058,1.13058,0.00011,0,3.44341839963224E-05,1.01561744792206E-05,77.22
170,7418,EUR_USD,S5,True,3,2022-01-07T08:00:40.000000000Z,1.13055,1.13056,1.13055,1.13055,0,9.00000000001455E-05,2.75473471970579E-05,2.61249395834056E-05,51.33
171,7438,EUR_USD,S5,True,3,2022-01-07T08:00:45.000000000Z,1.13054,1.13055,1.13054,1.13054,0,9.99999999984347E-06,2.20378777576464E-05,2.28999516666932E-05,49.04
172,7455,EUR_USD,S5,True,14,2022-01-07T08:00:50.000000000Z,1.13052,1.13053,1.13048,1.13053,0,2.0000000000131E-05,1.76303022061171E-05,2.23199613333808E-05,44.13
173,7473,EUR_USD,S5,True,16,2022-01-07T08:00:55.000000000Z,1.13054,1.13056,1.13052,1.13052,2.0000000000131E-05,0,1.81042417649199E-05,1.78559690667046E-05,50.35
174,7488,EUR_USD,S5,True,3,2022-01-07T08:01:00.000000000Z,1.13054,1.13056,1.13054,1.13056,0,0,1.44833934119359E-05,1.42847752533637E-05,50.35
175,7539,EUR_USD,S5,True,7,2022-01-07T08:01:10.000000000Z,1.13049,1.13049,1.13045,1.13046,0,5.00000000001055E-05,1.15867147295487E-05,2.14278202027121E-05,35.1
176,7554,EUR_USD,S5,True,6,2022-01-07T08:01:20.000000000Z,1.13045,1.13047,1.13044,1.13046,0,4.000000000004E-05,9.26937178363898E-06,2.51422561621776E-05,26.94
177,7590,EUR_USD,S5,True,5,2022-01-07T08:01:30.000000000Z,1.13049,1.13052,1.13049,1.13052,4.000000000004E-05,0,1.54154974269192E-05,2.01138049297421E-05,43.39
178,7624,EUR_USD,S5,True,5,2022-01-07T08:01:35.000000000Z,1.1305,1.1305,1.13046,1.13046,1.00000000000655E-05,0,1.43323979415484E-05,1.60910439437937E-05,47.11
179,7643,EUR_USD,S5,True,8,2022-01-07T08:01:45.000000000Z,1.13044,1.13052,1.13044,1.13051,0,6.0000000000171E-05,1.14659183532388E-05,2.48728351550692E-05,31.55
180,7693,EUR_USD,S5,True,3,2022-01-07T08:02:00.000000000Z,1.13051,1.13051,1.13048,1.13048,7.00000000000145E-05,0,2.31727346825939E-05,1.98982681240553E-05,53.8
181,7724,EUR_USD,S5,True,6,2022-01-07T08:02:10.000000000Z,1.13046,1.1305,1.13046,1.13048,0,4.99999999998835E-05,1.85381877460751E-05,2.5918614499221E-05,41.7
182,7859,EUR_USD,S5,True,2,2022-01-07T08:02:45.000000000Z,1.13068,1.13068,1.13066,1.13066,0.00022,0,5.88305501968375E-05,2.07348915993768E-05,73.94
183,7877,EUR_USD,S5,True,1,2022-01-07T08:02:55.000000000Z,1.13068,1.13068,1.13068,1.13068,0,0,4.706444015747E-05,1.65879132795014E-05,73.94
184,7911,EUR_USD,S5,True,1,2022-01-07T08:03:00.000000000Z,1.13067,1.13067,1.13067,1.13067,0,9.99999999984347E-06,3.7651552125976E-05,1.52703306235698E-05,71.15
185,7946,EUR_USD,S5,True,2,2022-01-07T08:03:10.000000000Z,1.13066,1.13066,1.13066,1.13066,0,1.00000000000655E-05,3.01212417007808E-05,1.4216264498869E-05,67.94
186,7997,EUR_USD,S5,True,2,2022-01-07T08:03:25.000000000Z,1.13068,1.13068,1.13066,1.13066,1.9999999999909E-05,0,2.80969933606064E-05,1.13730115990952E-05,71.19
187,8031,EUR_USD,S5,True,2,2022-01-07T08:03:35.000000000Z,1.13066,1.13066,1.13066,1.13066,0,1.9999999999909E-05,2.24775946884851E-05,1.30984092792579E-05,63.18
188,8100,EUR_USD,S5,True,3,2022-01-07T08:03:55.000000000Z,1.13065,1.13066,1.13065,1.13065,0,1.00000000000655E-05,1.79820757507881E-05,1.24787274234195E-05,59.03
189,8118,EUR_USD,S5,True,3,2022-01-07T08:04:05.000000000Z,1.13064,1.13064,1.13062,1.13063,0,9.99999999984347E-06,1.43856606006305E-05,1.19829819387043E-05,54.56
190,8136,EUR_USD,S5,True,4,2022-01-07T08:04:10.000000000Z,1.13064,1.13067,1.13064,1.13066,0,0,1.15085284805044E-05,9.5863855509634E-06,54.56
191,8153,EUR_USD,S5,True,19,2022-01-07T08:04:15.000000000Z,1.13067,1.13074,1.13067,1.13074,2.99999999999745E-05,0,1.52068227843984E-05,7.66910844077072E-06,66.48
192,8223,EUR_USD,S5,True,4,2022-01-07T08:04:35.000000000Z,1.13056,1.13056,1.13054,1.13056,0,0.00011,1.21654582275187E-05,2.81352867526275E-05,30.19
193,8257,EUR_USD,S5,True,5,2022-01-07T08:04:45.000000000Z,1.13055,1.13058,1.13054,1.13054,0,1.00000000000655E-05,9.73236658201498E-06,2.45082294021151E-05,28.42
194,8379,EUR_USD,S5,True,5,2022-01-07T08:05:20.000000000Z,1.13068,1.1307,1.13068,1.13068,0.00013,0,3.37858932656047E-05,1.96065835216921E-05,63.28
195,8395,EUR_USD,S5,True,14,2022-01-07T08:05:25.000000000Z,1.1307,1.1307,1.13066,1.13068,2.0000000000131E-05,0,3.102871461251E-05,1.56852668173537E-05,66.42
196,8497,EUR_USD,S5,True,12,2022-01-07T08:05:55.000000000Z,1.13068,1.13068,1.13063,1.13063,0,2.0000000000131E-05,2.4822971690008E-05,1.65482134539091E-05,60
197,8515,EUR_USD,S5,True,12,2022-01-07T08:06:00.000000000Z,1.13064,1.1307,1.13064,1.13066,0,3.9999999999818E-05,1.98583773520064E-05,2.12385707630909E-05,48.32
198,8568,EUR_USD,S5,True,1,2022-01-07T08:06:15.000000000Z,1.1306,1.1306,1.1306,1.1306,0,4.000000000004E-05,1.58867018816051E-05,2.49908566104807E-05,38.86
199,8604,EUR_USD,S5,True,7,2022-01-07T08:06:25.000000000Z,1.13059,1.13059,1.13054,1.13056,0,1.00000000000655E-05,1.27093615052841E-05,2.19926852883977E-05,36.62
200,8687,EUR_USD,S5,True,8,2022-01-07T08:06:45.000000000Z,1.13059,1.13062,1.13058,1.13062,0,0,1.01674892042273E-05,1.75941482307181E-05,36.62
201,8707,EUR_USD,S5,True,4,2022-01-07T08:06:55.000000000Z,1.13063,1.13063,1.13062,1.13062,4.000000000004E-05,0,1.61339913633898E-05,1.40753185845745E-05,53.41
202,8724,EUR_USD,S5,True,3,2022-01-07T08:07:00.000000000Z,1.13063,1.13063,1.13062,1.13063,0,0,1.29071930907118E-05,1.12602548676596E-05,53.41
203,8811,EUR_USD,S5,True,3,2022-01-07T08:07:25.000000000Z,1.13049,1.13052,1.13049,1.13052,0,0.00014,1.03257544725695E-05,3.70082038941335E-05,21.81
204,8846,EUR_USD,S5,True,2,2022-01-07T08:07:30.000000000Z,1.1305,1.13052,1.1305,1.13052,1.00000000000655E-05,0,1.02606035780687E-05,2.96065631153068E-05,25.74
205,8899,EUR_USD,S5,True,4,2022-01-07T08:07:45.000000000Z,1.13056,1.13057,1.13056,1.13057,5.9999999999949E-05,0,2.02084828624447E-05,2.36852504922454E-05,46.04
206,8917,EUR_USD,S5,True,1,2022-01-07T08:07:55.000000000Z,1.13058,1.13058,1.13058,1.13058,1.9999999999909E-05,0,2.01667862899376E-05,1.89482003937963E-05,51.56
207,8934,EUR_USD,S5,True,5,2022-01-07T08:08:00.000000000Z,1.13057,1.13057,1.13056,1.13057,0,9.99999999984347E-06,1.61334290319501E-05,1.71585603150058E-05,48.46
208,8964,EUR_USD,S5,True,8,2022-01-07T08:08:05.000000000Z,1.13056,1.13057,1.13052,1.13057,0,1.00000000000655E-05,1.29067432255601E-05,1.57268482520177E-05,45.08
209,8981,EUR_USD,S5,True,5,2022-01-07T08:08:15.000000000Z,1.13056,1.13056,1.13046,1.13046,0,0,1.0325394580448E-05,1.25814786016142E-05,45.08
210,9017,EUR_USD,S5,True,4,2022-01-07T08:08:25.000000000Z,1.13046,1.13046,1.13042,1.13044,0,9.9999999999989E-05,8.26031566435844E-06,3.00651828812891E-05,21.55
211,9032,EUR_USD,S5,True,12,2022-01-07T08:08:30.000000000Z,1.13043,1.13044,1.13038,1.13038,0,2.99999999999745E-05,6.60825253148675E-06,3.00521463050262E-05,18.03
212,9101,EUR_USD,S5,True,4,2022-01-07T08:08:50.000000000Z,1.13029,1.1303,1.13027,1.13027,0,0.00014,5.2866020251894E-06,5.20417170440268E-05,9.22
213,9135,EUR_USD,S5,True,10,2022-01-07T08:09:00.000000000Z,1.13022,1.13028,1.13022,1.13028,0,7.00000000000145E-05,4.22928162015152E-06,5.56333736352243E-05,7.06
214,9152,EUR_USD,S5,True,5,2022-01-07T08:09:05.000000000Z,1.13029,1.1303,1.13026,1.13026,7.00000000000145E-05,0,1.73834252961241E-05,4.45066989081795E-05,28.09
215,9203,EUR_USD,S5,True,38,2022-01-07T08:09:20.000000000Z,1.13028,1.13042,1.13028,1.1303,0,1.00000000000655E-05,1.39067402368993E-05,3.76053591265567E-05,27
216,9239,EUR_USD,S5,True,7,2022-01-07T08:09:30.000000000Z,1.13039,1.13039,1.13034,1.13036,0.00011,0,3.31253921895303E-05,3.00842873012453E-05,52.41
217,9256,EUR_USD,S5,True,3,2022-01-07T08:09:35.000000000Z,1.13036,1.13036,1.13036,1.13036,0,2.99999999999745E-05,2.65003137516243E-05,3.00674298409912E-05,46.85
218,9275,EUR_USD,S5,True,6,2022-01-07T08:09:40.000000000Z,1.13038,1.1304,1.13037,1.13037,1.9999999999909E-05,0,2.52002510012812E-05,2.40539438727929E-05,51.16
219,9374,EUR_USD,S5,True,3,2022-01-07T08:10:10.000000000Z,1.13028,1.13028,1.13026,1.13028,0,9.9999999999989E-05,2.0160200801025E-05,3.92431550982321E-05,33.94
220,9391,EUR_USD,S5,True,10,2022-01-07T08:10:15.000000000Z,1.1303,1.13032,1.13029,1.13029,2.0000000000131E-05,0,2.01281606408462E-05,3.13945240785857E-05,39.07
221,9443,EUR_USD,S5,True,3,2022-01-07T08:10:30.000000000Z,1.13028,1.1303,1.13028,1.1303,0,2.0000000000131E-05,1.61025285126769E-05,2.91156192628948E-05,35.61
222,9494,EUR_USD,S5,True,1,2022-01-07T08:10:45.000000000Z,1.13028,1.13028,1.13028,1.13028,0,0,1.28820228101416E-05,2.32924954103158E-05,35.61
223,9527,EUR_USD,S5,True,8,2022-01-07T08:10:55.000000000Z,1.13022,1.13026,1.13017,1.13019,0,5.9999999999949E-05,1.03056182481132E-05,3.06339963282424E-05,25.17
224,9578,EUR_USD,S5,True,1,2022-01-07T08:11:10.000000000Z,1.13018,1.13018,1.13018,1.13018,0,4.000000000004E-05,8.2444945984906E-06,3.2507197062602E-05,20.23
225,9597,EUR_USD,S5,True,16,2022-01-07T08:11:15.000000000Z,1.13018,1.13024,1.13018,1.1302,0,0,6.59559567879248E-06,2.60057576500816E-05,20.23
226,9612,EUR_USD,S5,True,7,2022-01-07T08:11:20.000000000Z,1.13022,1.13022,1.13016,1.13018,4.000000000004E-05,0,1.3276476543042E-05,2.08046061200653E-05,38.96
227,9643,EUR_USD,S5,True,3,2022-01-07T08:11:25.000000000Z,1.13018,1.13018,1.13018,1.13018,0,4.000000000004E-05,1.06211812344336E-05,2.46436848960602E-05,30.12
228,9659,EUR_USD,S5,True,5,2022-01-07T08:11:35.000000000Z,1.13019,1.1302,1.13018,1.1302,1.00000000000655E-05,0,1.049694498756E-05,1.97149479168482E-05,34.74
229,9774,EUR_USD,S5,True,2,2022-01-07T08:12:10.000000000Z,1.13022,1.13022,1.1302,1.1302,2.99999999999745E-05,0,1.43975559900429E-05,1.57719583334785E-05,47.72
230,9789,EUR_USD,S5,True,1,2022-01-07T08:12:15.000000000Z,1.13018,1.13018,1.13018,1.13018,0,4.000000000004E-05,1.15180447920343E-05,2.06175666667908E-05,35.84
231,9838,EUR_USD,S5,True,1,2022-01-07T08:12:25.000000000Z,1.13022,1.13022,1.13022,1.13022,4.000000000004E-05,0,1.72144358336354E-05,1.64940533334327E-05,51.07
232,9885,EUR_USD,S5,True,7,2022-01-07T08:12:40.000000000Z,1.13023,1.13029,1.13023,1.13029,1.00000000000655E-05,0,1.57715486669215E-05,1.31952426667461E-05,54.45
233,9919,EUR_USD,S5,True,10,2022-01-07T08:12:55.000000000Z,1.13028,1.13032,1.13028,1.13032,4.99999999998835E-05,0,2.26172389335139E-05,1.05561941333969E-05,68.18
234,9947,EUR_USD,S5,True,6,2022-01-07T08:13:00.000000000Z,1.1303,1.1303,1.13026,1.13028,2.0000000000131E-05,0,2.20937911468373E-05,8.44495530671752E-06,72.35
235,9964,EUR_USD,S5,True,7,2022-01-07T08:13:10.000000000Z,1.13026,1.13029,1.13025,1.13029,0,4.000000000004E-05,1.76750329174698E-05,1.4755964245382E-05,54.5
236,9982,EUR_USD,S5,True,7,2022-01-07T08:13:15.000000000Z,1.1303,1.13032,1.13028,1.1303,4.000000000004E-05,0,2.21400263339839E-05,1.18047713963056E-05,65.22
237,10059,EUR_USD,S5,True,6,2022-01-07T08:13:35.000000000Z,1.13027,1.13032,1.13027,1.1303,0,2.99999999999745E-05,1.77120210671871E-05,1.54438171170394E-05,53.42
238,10094,EUR_USD,S5,True,3,2022-01-07T08:13:50.000000000Z,1.1303,1.13032,1.1303,1.1303,2.99999999999745E-05,0,2.01696168537446E-05,1.23550536936315E-05,62.01
239,10191,EUR_USD,S5,True,6,2022-01-07T08:14:15.000000000Z,1.13045,1.13047,1.13045,1.13046,0.00015,0,4.61356934829702E-05,9.88404295490521E-06,82.36
240,10258,EUR_USD,S5,True,6,2022-01-07T08:14:40.000000000Z,1.13046,1.1305,1.13046,1.13048,1.00000000000655E-05,0,3.89085547863892E-05,7.90723436392417E-06,83.11
241,10272,EUR_USD,S5,True,3,2022-01-07T08:14:45.000000000Z,1.13046,1.13048,1.13046,1.13046,0,0,3.11268438291114E-05,6.32578749113933E-06,83.11
242,10304,EUR_USD,S5,True,3,2022-01-07T08:14:55.000000000Z,1.13047,1.1305,1.13047,1.1305,1.00000000000655E-05,0,2.69014750633022E-05,5.06062999291147E-06,84.17
243,10430,EUR_USD,S5,True,3,2022-01-07T08:15:30.000000000Z,1.13048,1.1305,1.13048,1.1305,9.99999999984347E-06,0,2.35211800506105E-05,4.04850399432917E-06,85.32
244,10494,EUR_USD,S5,True,6,2022-01-07T08:15:50.000000000Z,1.13048,1.13053,1.13048,1.13052,0,0,1.88169440404884E-05,3.23880319546334E-06,85.32
245,10526,EUR_USD,S5,True,6,2022-01-07T08:16:00.000000000Z,1.13054,1.13054,1.13051,1.13052,6.0000000000171E-05,0,2.70535552324249E-05,2.59104255637067E-06,91.26
246,10691,EUR_USD,S5,True,9,2022-01-07T08:16:55.000000000Z,1.1305,1.1305,1.13044,1.13048,0,4.000000000004E-05,2.16428441859399E-05,1.00728340451045E-05,68.24
247,10707,EUR_USD,S5,True,6,2022-01-07T08:17:00.000000000Z,1.1305,1.13053,1.1305,1.13052,0,0,1.73142753487519E-05,8.05826723608363E-06,68.24
248,10858,EUR_USD,S5,True,2,2022-01-07T08:17:40.000000000Z,1.13056,1.13058,1.13056,1.13058,5.9999999999949E-05,0,2.58514202789913E-05,6.4466137888669E-06,80.04
249,10919,EUR_USD,S5,True,7,2022-01-07T08:18:00.000000000Z,1.13058,1.13062,1.13058,1.13061,1.9999999999909E-05,0,2.46811362231749E-05,5.15729103109352E-06,82.72
250,10951,EUR_USD,S5,True,4,2022-01-07T08:18:10.000000000Z,1.13062,1.13062,1.13058,1.13058,4.000000000004E-05,0,2.77449089785479E-05,4.12583282487482E-06,87.05
251,10986,EUR_USD,S5,True,1,2022-01-07T08:18:20.000000000Z,1.13056,1.13056,1.13056,1.13056,0,5.9999999999949E-05,2.21959271828383E-05,1.53006662598897E-05,59.19
252,11002,EUR_USD,S5,True,5,2022-01-07T08:18:30.000000000Z,1.13058,1.13058,1.13056,1.13056,1.9999999999909E-05,0,2.17567417462525E-05,1.22405330079117E-05,64
253,11014,EUR_USD,S5,True,1,2022-01-07T08:18:35.000000000Z,1.13057,1.13057,1.13057,1.13057,0,9.99999999984347E-06,1.7405393397002E-05,1.17924264062981E-05,59.61
254,11024,EUR_USD,S5,True,2,2022-01-07T08:18:40.000000000Z,1.13058,1.13058,1.13057,1.13057,9.99999999984347E-06,0,1.59243147175703E-05,9.43394112503846E-06,62.8
255,11042,EUR_USD,S5,True,7,2022-01-07T08:18:45.000000000Z,1.13058,1.13058,1.13057,1.13058,0,0,1.27394517740562E-05,7.54715290003076E-06,62.8
256,11073,EUR_USD,S5,True,2,2022-01-07T08:18:55.000000000Z,1.13057,1.13059,1.13057,1.13059,0,9.99999999984347E-06,1.0191561419245E-05,8.0377223199933E-06,55.91
257,11123,EUR_USD,S5,True,2,2022-01-07T08:19:10.000000000Z,1.13058,1.13058,1.13057,1.13057,9.99999999984347E-06,0,1.01532491353647E-05,6.43017785599464E-06,61.23
258,11185,EUR_USD,S5,True,1,2022-01-07T08:19:25.000000000Z,1.13062,1.13062,1.13062,1.13062,4.000000000004E-05,0,1.61225993082997E-05,5.14414228479571E-06,75.81
259,11221,EUR_USD,S5,True,3,2022-01-07T08:19:40.000000000Z,1.13061,1.13061,1.1306,1.13061,0,1.00000000000655E-05,1.28980794466398E-05,6.11531382784967E-06,67.84
260,11254,EUR_USD,S5,True,9,2022-01-07T08:19:45.000000000Z,1.13059,1.1306,1.13056,1.13056,0,1.9999999999909E-05,1.03184635573118E-05,8.89225106226153E-06,53.71
261,11305,EUR_USD,S5,True,2,2022-01-07T08:20:00.000000000Z,1.13058,1.13059,1.13058,1.13059,0,1.00000000000655E-05,8.25477084584947E-06,9.11380084982233E-06,47.53
262,11356,EUR_USD,S5,True,2,2022-01-07T08:20:20.000000000Z,1.13058,1.13059,1.13058,1.13059,0,0,6.60381667667957E-06,7.29104067985787E-06,47.53
263,11375,EUR_USD,S5,True,3,2022-01-07T08:20:25.000000000Z,1.13058,1.13059,1.13058,1.13058,0,0,5.28305334134366E-06,5.83283254388629E-06,47.53
264,11441,EUR_USD,S5,True,2,2022-01-07T08:20:45.000000000Z,1.13054,1.13056,1.13054,1.13056,0,3.9999999999818E-05,4.22644267307493E-06,1.26662660350726E-05,25.02
265,11457,EUR_USD,S5,True,5,2022-01-07T08:20:50.000000000Z,1.13058,1.13058,1.13054,1.13054,3.9999999999818E-05,0,1.13811541384235E-05,1.01330128280581E-05,52.9
266,11492,EUR_USD,S5,True,7,2022-01-07T08:21:00.000000000Z,1.13058,1.13064,1.13058,1.13064,0,0,9.10492331073883E-06,8.10641026244648E-06,52.9
267,11508,EUR_USD,S5,True,2,2022-01-07T08:21:05.000000000Z,1.13063,1.13063,1.13062,1.13062,5.00000000001055E-05,0,1.72839386486122E-05,6.48512820995718E-06,72.72
268,11554,EUR_USD,S5,True,5,2022-01-07T08:21:15.000000000Z,1.13063,1.13064,1.1306,1.1306,0,0,1.38271509188897E-05,5.18810256796575E-06,72.72
269,11604,EUR_USD,S5,True,5,2022-01-07T08:21:30.000000000Z,1.13062,1.13064,1.13062,1.13062,0,1.00000000000655E-05,1.10617207351118E-05,6.1504820543857E-06,64.27
270,11638,EUR_USD,S5,True,3,2022-01-07T08:21:40.000000000Z,1.13064,1.13064,1.1306,1.1306,2.0000000000131E-05,0,1.28493765881156E-05,4.92038564350856E-06,72.31
271,11656,EUR_USD,S5,True,7,2022-01-07T08:21:50.000000000Z,1.1306,1.1306,1.13056,1.13056,0,4.000000000004E-05,1.02795012704925E-05,1.19363085148148E-05,46.27
272,11690,EUR_USD,S5,True,5,2022-01-07T08:22:00.000000000Z,1.13052,1.13054,1.13052,1.13054,0,8.000000000008E-05,8.22360101639401E-06,2.55490468118679E-05,24.35
273,11722,EUR_USD,S5,True,7,2022-01-07T08:22:10.000000000Z,1.13052,1.13054,1.13052,1.13052,0,0,6.5788808131152E-06,2.04392374494943E-05,24.35
274,11755,EUR_USD,S5,True,3,2022-01-07T08:22:15.000000000Z,1.13054,1.13056,1.13054,1.13056,2.0000000000131E-05,0,9.26310465051837E-06,1.63513899595954E-05,36.16
275,11873,EUR_USD,S5,True,8,2022-01-07T08:22:50.000000000Z,1.13064,1.13068,1.13064,1.13068,9.9999999999989E-05,0,2.74104837204125E-05,1.30811119676764E-05,67.69
276,11924,EUR_USD,S5,True,6,2022-01-07T08:23:05.000000000Z,1.13066,1.1307,1.13066,1.13068,1.9999999999909E-05,0,2.59283869763118E-05,1.04648895741411E-05,71.24
277,11956,EUR_USD,S5,True,6,2022-01-07T08:23:15.000000000Z,1.13066,1.13066,1.13062,1.13064,0,0,2.07427095810494E-05,8.37191165931287E-06,71.24
278,11974,EUR_USD,S5,True,2,2022-01-07T08:23:25.000000000Z,1.13066,1.13067,1.13066,1.13067,0,0,1.65941676648395E-05,6.6975293274503E-06,71.24
279,12006,EUR_USD,S5,True,3,2022-01-07T08:23:30.000000000Z,1.13068,1.1307,1.13068,1.1307,1.9999999999909E-05,0,1.72753341318534E-05,5.35802346196024E-06,76.33
280,12055,EUR_USD,S5,True,2,2022-01-07T08:23:50.000000000Z,1.13069,1.1307,1.13069,1.1307,1.00000000000655E-05,0,1.58202673054958E-05,4.28641876956819E-06,78.68
281,12069,EUR_USD,S5,True,5,2022-01-07T08:23:55.000000000Z,1.13069,1.13071,1.13069,1.1307,0,0,1.26562138443967E-05,3.42913501565455E-06,78.68
282,12102,EUR_USD,S5,True,3,2022-01-07T08:24:05.000000000Z,1.13076,1.13078,1.13076,1.13077,7.00000000000145E-05,0,2.41249710755202E-05,2.74330801252364E-06,89.79
283,12136,EUR_USD,S5,True,7,2022-01-07T08:24:10.000000000Z,1.13076,1.13078,1.13075,1.13076,0,0,1.92999768604162E-05,2.19464641001891E-06,89.79
284,12152,EUR_USD,S5,True,2,2022-01-07T08:24:20.000000000Z,1.13078,1.13078,1.13076,1.13076,1.9999999999909E-05,0,1.94399814883148E-05,1.75571712801513E-06,91.72
285,12268,EUR_USD,S5,True,1,2022-01-07T08:24:50.000000000Z,1.13077,1.13077,1.13077,1.13077,0,9.99999999984347E-06,1.55519851906518E-05,3.4045737023808E-06,82.04
286,12287,EUR_USD,S5,True,5,2022-01-07T08:25:00.000000000Z,1.13078,1.13078,1.13076,1.13076,9.99999999984347E-06,0,1.44415881524901E-05,2.72365896190464E-06,84.13
287,12320,EUR_USD,S5,True,5,2022-01-07T08:25:10.000000000Z,1.13072,1.13074,1.13072,1.13073,0,5.9999999999949E-05,1.15532705219921E-05,1.41789271695135E-05,44.9
288,12355,EUR_USD,S5,True,6,2022-01-07T08:25:20.000000000Z,1.13078,1.13078,1.13075,1.13077,5.9999999999949E-05,0,2.12426164175835E-05,1.13431417356108E-05,65.19
289,12389,EUR_USD,S5,True,2,2022-01-07T08:25:30.000000000Z,1.13078,1.13078,1.13077,1.13077,0,0,1.69940931340668E-05,9.07451338848865E-06,65.19
290,12405,EUR_USD,S5,True,4,2022-01-07T08:25:35.000000000Z,1.13076,1.13076,1.13073,1.13074,0,1.9999999999909E-05,1.35952745072534E-05,1.12596107107727E-05,54.7
291,12422,EUR_USD,S5,True,5,2022-01-07T08:25:40.000000000Z,1.13076,1.13076,1.13074,1.13076,0,0,1.08762196058027E-05,9.00768856861817E-06,54.7
292,12458,EUR_USD,S5,True,1,2022-01-07T08:25:50.000000000Z,1.13077,1.13077,1.13077,1.13077,1.00000000000655E-05,0,1.07009756846553E-05,7.20615085489454E-06,59.76
293,12473,EUR_USD,S5,True,8,2022-01-07T08:25:55.000000000Z,1.13078,1.13083,1.13077,1.13083,9.99999999984347E-06,0,1.05607805476929E-05,5.76492068391563E-06,64.69
294,12543,EUR_USD,S5,True,4,2022-01-07T08:26:10.000000000Z,1.13078,1.1308,1.13078,1.1308,0,0,8.44862443815434E-06,4.6119365471325E-06,64.69
295,12592,EUR_USD,S5,True,1,2022-01-07T08:26:25.000000000Z,1.13079,1.13079,1.13079,1.13079,1.00000000000655E-05,0,8.75889955053658E-06,3.689549237706E-06,70.36
296,12609,EUR_USD,S5,True,2,2022-01-07T08:26:35.000000000Z,1.13078,1.13078,1.13076,1.13076,0,1.00000000000655E-05,7.00711964042926E-06,4.9516393901779E-06,58.59
297,12660,EUR_USD,S5,True,5,2022-01-07T08:26:50.000000000Z,1.13069,1.13069,1.13066,1.13069,0,8.99999999999235E-05,5.60569571234341E-06,2.1961311512127E-05,20.33
298,12694,EUR_USD,S5,True,10,2022-01-07T08:27:00.000000000Z,1.13064,1.13064,1.13059,1.13062,0,4.99999999998835E-05,4.48455656987473E-06,2.75690492096783E-05,13.99
299,12731,EUR_USD,S5,True,4,2022-01-07T08:27:05.000000000Z,1.13063,1.13067,1.13063,1.13067,0,1.00000000000655E-05,3.58764525589978E-06,2.40552393677557E-05,12.98
300,12747,EUR_USD,S5,True,9,2022-01-07T08:27:15.000000000Z,1.13064,1.13066,1.13063,1.13064,1.00000000000655E-05,0,4.87011620473293E-06,1.92441914942046E-05,20.2
301,12816,EUR_USD,S5,True,8,2022-01-07T08:27:30.000000000Z,1.13065,1.13065,1.13058,1.13058,9.99999999984347E-06,0,5.89609296375504E-06,1.53953531953637E-05,27.69
302,12836,EUR_USD,S5,True,1,2022-01-07T08:27:40.000000000Z,1.13056,1.13056,1.13056,1.13056,0,8.99999999999235E-05,4.71687437100403E-06,3.03162825562756E-05,13.46
303,12870,EUR_USD,S5,True,8,2022-01-07T08:27:50.000000000Z,1.13057,1.13062,1.13057,1.13062,1.00000000000655E-05,0,5.77349949681633E-06,2.42530260450205E-05,19.23
304,12901,EUR_USD,S5,True,6,2022-01-07T08:27:55.000000000Z,1.13061,1.13063,1.1306,1.13063,3.9999999999818E-05,0,1.26187995974167E-05,1.94024208360164E-05,39.41
305,13021,EUR_USD,S5,True,4,2022-01-07T08:28:30.000000000Z,1.13068,1.13072,1.13068,1.13072,7.00000000000145E-05,0,2.40950396779362E-05,1.55219366688131E-05,60.82
306,13069,EUR_USD,S5,True,5,2022-01-07T08:28:45.000000000Z,1.1307,1.13072,1.1307,1.13072,2.0000000000131E-05,0,2.32760317423752E-05,1.24175493350505E-05,65.21
307,13105,EUR_USD,S5,True,6,2022-01-07T08:29:00.000000000Z,1.13074,1.13078,1.13074,1.13078,4.000000000004E-05,0,2.66208253939081E-05,9.9340394680404E-06,72.82
308,13139,EUR_USD,S5,True,2,2022-01-07T08:29:05.000000000Z,1.1308,1.1308,1.13078,1.13078,5.9999999999949E-05,0,3.32966603151163E-05,7.94723157443232E-06,80.73
309,13159,EUR_USD,S5,True,1,2022-01-07T08:29:15.000000000Z,1.1308,1.1308,1.1308,1.1308,0,0,2.6637328252093E-05,6.35778525954586E-06,80.73
310,13193,EUR_USD,S5,True,2,2022-01-07T08:29:25.000000000Z,1.13078,1.13078,1.13076,1.13076,0,2.0000000000131E-05,2.13098626016744E-05,9.08622820766289E-06,70.11
311,13241,EUR_USD,S5,True,4,2022-01-07T08:29:35.000000000Z,1.13077,1.1308,1.13077,1.13079,0,9.99999999984347E-06,1.70478900813396E-05,9.26898256609901E-06,64.78
312,13294,EUR_USD,S5,True,2,2022-01-07T08:29:55.000000000Z,1.13078,1.13078,1.13077,1.13077,9.99999999984347E-06,0,1.56383120650403E-05,7.4151860528792E-06,67.83
313,13345,EUR_USD,S5,True,8,2022-01-07T08:30:10.000000000Z,1.13063,1.13064,1.13062,1.13064,0,0.00015,1.25106496520323E-05,3.59321488422778E-05,25.83
314,13361,EUR_USD,S5,True,6,2022-01-07T08:30:15.000000000Z,1.13063,1.13064,1.13061,1.13061,0,0,1.00085197216258E-05,2.87457190738223E-05,25.83
315,13395,EUR_USD,S5,True,4,2022-01-07T08:30:20.000000000Z,1.13062,1.13063,1.1306,1.1306,0,1.00000000000655E-05,8.00681577730065E-06,2.49965752590709E-05,24.26
316,13499,EUR_USD,S5,True,5,2022-01-07T08:30:50.000000000Z,1.1307,1.13073,1.1307,1.13072,8.000000000008E-05,0,2.24054526218565E-05,1.99972602072567E-05,52.84
317,13534,EUR_USD,S5,True,8,2022-01-07T08:31:00.000000000Z,1.13074,1.13076,1.13072,1.13072,4.000000000004E-05,0,2.59243620974932E-05,1.59978081658054E-05,61.84
318,13588,EUR_USD,S5,True,4,2022-01-07T08:31:20.000000000Z,1.13076,1.13078,1.13076,1.13077,1.9999999999909E-05,0,2.47394896779764E-05,1.27982465326443E-05,65.91
319,13639,EUR_USD,S5,True,4,2022-01-07T08:31:30.000000000Z,1.13075,1.13077,1.13075,1.13077,0,1.00000000000655E-05,1.97915917423811E-05,1.22385972261286E-05,61.79
320,13673,EUR_USD,S5,True,1,2022-01-07T08:31:40.000000000Z,1.13076,1.13076,1.13076,1.13076,1.00000000000655E-05,0,1.7833273393918E-05,9.79087778090284E-06,64.56
321,13691,EUR_USD,S5,True,2,2022-01-07T08:31:50.000000000Z,1.13074,1.13075,1.13074,1.13075,0,1.9999999999909E-05,1.42666187151344E-05,1.18327022247041E-05,54.66
322,13726,EUR_USD,S5,True,8,2022-01-07T08:32:00.000000000Z,1.13076,1.13086,1.13076,1.13086,1.9999999999909E-05,0,1.54132949720893E-05,9.46616177976326E-06,61.95
323,13827,EUR_USD,S5,True,1,2022-01-07T08:32:30.000000000Z,1.13077,1.13077,1.13077,1.13077,1.00000000000655E-05,0,1.43306359776845E-05,7.5729294238106E-06,65.43
324,13947,EUR_USD,S5,True,1,2022-01-07T08:33:00.000000000Z,1.13082,1.13082,1.13082,1.13082,4.99999999998835E-05,0,2.14645087821243E-05,6.05834353904848E-06,77.99
325,13982,EUR_USD,S5,True,15,2022-01-07T08:33:15.000000000Z,1.13081,1.13081,1.13066,1.13068,0,9.99999999984347E-06,1.71716070256995E-05,6.84667483120748E-06,71.49
326,14114,EUR_USD,S5,True,2,2022-01-07T08:33:55.000000000Z,1.13072,1.13072,1.13072,1.13072,0,9.00000000001455E-05,1.37372856205596E-05,2.34773398649951E-05,36.91
327,14166,EUR_USD,S5,True,3,2022-01-07T08:34:10.000000000Z,1.13067,1.1307,1.13067,1.1307,0,4.99999999998835E-05,1.09898284964477E-05,2.87818718919728E-05,27.63
328,14215,EUR_USD,S5,True,1,2022-01-07T08:34:20.000000000Z,1.13068,1.13068,1.13068,1.13068,9.99999999984347E-06,0,1.07918627971268E-05,2.30254975135782E-05,31.91
329,14234,EUR_USD,S5,True,2,2022-01-07T08:34:30.000000000Z,1.1307,1.1307,1.13069,1.13069,2.0000000000131E-05,0,1.26334902377277E-05,1.84203980108626E-05,40.68
330,14270,EUR_USD,S5,True,7,2022-01-07T08:34:40.000000000Z,1.13074,1.13074,1.1307,1.13072,4.000000000004E-05,0,1.81067921901901E-05,1.47363184086901E-05,55.13
331,14286,EUR_USD,S5,True,1,2022-01-07T08:34:45.000000000Z,1.13072,1.13072,1.13072,1.13072,0,2.0000000000131E-05,1.44854337521521E-05,1.57890547269783E-05,47.85
332,14303,EUR_USD,S5,True,5,2022-01-07T08:34:50.000000000Z,1.13073,1.13074,1.13072,1.13073,1.00000000000655E-05,0,1.35883470017348E-05,1.26312437815826E-05,51.83
333,14338,EUR_USD,S5,True,1,2022-01-07T08:35:00.000000000Z,1.1307,1.1307,1.1307,1.1307,0,2.99999999999745E-05,1.08706776013878E-05,1.6104995025261E-05,40.3
334,14372,EUR_USD,S5,True,1,2022-01-07T08:35:10.000000000Z,1.13074,1.13074,1.13074,1.13074,4.000000000004E-05,0,1.66965420811183E-05,1.28839960202088E-05,56.44
335,14407,EUR_USD,S5,True,7,2022-01-07T08:35:20.000000000Z,1.13074,1.13078,1.13074,1.13078,0,0,1.33572336648946E-05,1.0307196816167E-05,56.44
336,14458,EUR_USD,S5,True,2,2022-01-07T08:35:30.000000000Z,1.13076,1.13078,1.13076,1.13078,1.9999999999909E-05,0,1.46857869318975E-05,8.24575745293362E-06,64.04
337,14495,EUR_USD,S5,True,7,2022-01-07T08:35:40.000000000Z,1.1308,1.13083,1.13078,1.13078,4.000000000004E-05,0,1.9748629545526E-05,6.5966059623469E-06,74.96
338,14558,EUR_USD,S5,True,4,2022-01-07T08:36:05.000000000Z,1.13076,1.13076,1.13072,1.13074,0,4.000000000004E-05,1.57989036364208E-05,1.32772847698855E-05,54.34
339,14594,EUR_USD,S5,True,2,2022-01-07T08:36:15.000000000Z,1.13084,1.13084,1.13082,1.13082,8.000000000008E-05,0,2.86391229091526E-05,1.06218278159084E-05,72.95
340,14626,EUR_USD,S5,True,2,2022-01-07T08:36:25.000000000Z,1.13081,1.13082,1.13081,1.13082,0,2.99999999999745E-05,2.29112983273221E-05,1.44974622527216E-05,61.25
341,14676,EUR_USD,S5,True,1,2022-01-07T08:36:35.000000000Z,1.13084,1.13084,1.13084,1.13084,2.99999999999745E-05,0,2.43290386618526E-05,1.15979698021773E-05,67.72
342,14747,EUR_USD,S5,True,14,2022-01-07T08:37:00.000000000Z,1.13084,1.13088,1.13083,1.13088,0,0,1.94632309294821E-05,9.27837584174185E-06,67.72
343,14781,EUR_USD,S5,True,4,2022-01-07T08:37:10.000000000Z,1.13089,1.13089,1.13085,1.13085,4.99999999998835E-05,0,2.55705847435623E-05,7.42270067339348E-06,77.5
344,14868,EUR_USD,S5,True,1,2022-01-07T08:37:35.000000000Z,1.13088,1.13088,1.13088,1.13088,0,9.99999999984347E-06,2.04564677948499E-05,7.93816053868347E-06,72.04
345,14937,EUR_USD,S5,True,4,2022-01-07T08:37:55.000000000Z,1.13093,1.13096,1.13093,1.13094,4.99999999998835E-05,0,2.63651742358566E-05,6.35052843094678E-06,80.59
346,14970,EUR_USD,S5,True,5,2022-01-07T08:38:00.000000000Z,1.13096,1.13096,1.13094,1.13094,2.99999999999745E-05,0,2.70921393886802E-05,5.08042274475742E-06,84.21
347,15004,EUR_USD,S5,True,1,2022-01-07T08:38:10.000000000Z,1.13096,1.13096,1.13096,1.13096,0,0,2.16737115109441E-05,4.06433819580594E-06,84.21
348,15038,EUR_USD,S5,True,2,2022-01-07T08:38:30.000000000Z,1.13108,1.13108,1.13108,1.13108,0.00012,0,4.13389692087793E-05,3.25147055664475E-06,92.71
349,15071,EUR_USD,S5,True,2,2022-01-07T08:38:40.000000000Z,1.13098,1.131,1.13098,1.131,0,9.9999999999989E-05,3.30711753670235E-05,2.26011764453136E-05,59.4
350,15086,EUR_USD,S5,True,2,2022-01-07T08:38:45.000000000Z,1.13098,1.13098,1.13096,1.13096,0,0,2.64569402936188E-05,1.80809411562509E-05,59.4
351,15117,EUR_USD,S5,True,5,2022-01-07T08:38:55.000000000Z,1.131,1.13105,1.131,1.13105,1.9999999999909E-05,0,2.51655522348768E-05,1.44647529250007E-05,63.5
352,15168,EUR_USD,S5,True,1,2022-01-07T08:39:10.000000000Z,1.13099,1.13099,1.13099,1.13099,0,1.00000000000655E-05,2.01324417879014E-05,1.35718023400137E-05,59.73
353,15287,EUR_USD,S5,True,6,2022-01-07T08:39:45.000000000Z,1.13099,1.13104,1.13099,1.13104,0,0,1.61059534303212E-05,1.08574418720109E-05,59.73
354,15316,EUR_USD,S5,True,5,2022-01-07T08:39:55.000000000Z,1.131,1.13102,1.13099,1.131,1.00000000000655E-05,0,1.488476274427E-05,8.68595349760875E-06,63.15
355,15335,EUR_USD,S5,True,7,2022-01-07T08:40:00.000000000Z,1.13099,1.131,1.13098,1.13099,0,1.00000000000655E-05,1.1907810195416E-05,8.9487627981001E-06,57.09
356,15353,EUR_USD,S5,True,5,2022-01-07T08:40:05.000000000Z,1.13098,1.13098,1.13096,1.13098,0,9.99999999984347E-06,9.52624815633282E-06,9.15901023844877E-06,50.98
357,15388,EUR_USD,S5,True,5,2022-01-07T08:40:15.000000000Z,1.13097,1.131,1.13097,1.131,0,1.00000000000655E-05,7.62099852506625E-06,9.32720819077212E-06,44.97
358,15423,EUR_USD,S5,True,11,2022-01-07T08:40:20.000000000Z,1.13098,1.131,1.13096,1.13096,1.00000000000655E-05,0,8.09679882006611E-06,7.4617665526177E-06,52.04
359,15456,EUR_USD,S5,True,6,2022-01-07T08:40:35.000000000Z,1.13102,1.13104,1.13102,1.13103,3.9999999999818E-05,0,1.44774390560165E-05,5.96941324209416E-06,70.81
360,15490,EUR_USD,S5,True,9,2022-01-07T08:40:45.000000000Z,1.13107,1.13113,1.13107,1.13111,5.00000000001055E-05,0,2.15819512448343E-05,4.77553059367533E-06,81.88
361,15508,EUR_USD,S5,True,8,2022-01-07T08:40:50.000000000Z,1.1311,1.1311,1.13105,1.13105,2.99999999999745E-05,0,2.32655609958623E-05,3.82042447494026E-06,85.9
362,15543,EUR_USD,S5,True,4,2022-01-07T08:41:00.000000000Z,1.13097,1.13097,1.13094,1.13096,0,0.00013,1.86124487966899E-05,2.90563395799449E-05,39.05
363,15576,EUR_USD,S5,True,3,2022-01-07T08:41:05.000000000Z,1.13098,1.131,1.13098,1.131,1.00000000000655E-05,0,1.6889959037365E-05,2.32450716639559E-05,42.08
364,15611,EUR_USD,S5,True,2,2022-01-07T08:41:15.000000000Z,1.131,1.131,1.131,1.131,1.9999999999909E-05,0,1.75119672298738E-05,1.85960573311647E-05,48.5
365,15647,EUR_USD,S5,True,13,2022-01-07T08:41:25.000000000Z,1.13102,1.13102,1.13094,1.13094,1.9999999999909E-05,0,1.80095737838808E-05,1.48768458649318E-05,54.76
366,15717,EUR_USD,S5,True,3,2022-01-07T08:41:45.000000000Z,1.13088,1.13088,1.13086,1.13087,0,0.00014,1.44076590271047E-05,3.99014766919068E-05,26.53
367,15767,EUR_USD,S5,True,2,2022-01-07T08:42:00.000000000Z,1.13093,1.13094,1.13093,1.13094,4.99999999998835E-05,0,2.15261272216604E-05,3.19211813535254E-05,40.28
368,15801,EUR_USD,S5,True,3,2022-01-07T08:42:15.000000000Z,1.13097,1.131,1.13097,1.131,4.000000000004E-05,0,2.52209017773363E-05,2.55369450828204E-05,49.69
369,15813,EUR_USD,S5,True,10,2022-01-07T08:42:20.000000000Z,1.13099,1.13101,1.13094,1.13094,1.9999999999909E-05,0,2.41767214218509E-05,2.04295560662563E-05,54.2
370,15847,EUR_USD,S5,True,11,2022-01-07T08:42:25.000000000Z,1.13094,1.13098,1.13094,1.13095,0,4.99999999998835E-05,1.93413771374807E-05,2.63436448529817E-05,42.34
371,15882,EUR_USD,S5,True,8,2022-01-07T08:42:40.000000000Z,1.13096,1.131,1.13096,1.13096,1.9999999999909E-05,0,1.94731017099664E-05,2.10749158823854E-05,48.02
372,15933,EUR_USD,S5,True,6,2022-01-07T08:42:50.000000000Z,1.13098,1.13099,1.13096,1.13099,2.0000000000131E-05,0,1.95784813679993E-05,1.68599327059083E-05,53.73
373,15985,EUR_USD,S5,True,2,2022-01-07T08:43:05.000000000Z,1.13098,1.13099,1.13098,1.13099,0,0,1.56627850943994E-05,1.34879461647266E-05,53.73
374,16002,EUR_USD,S5,True,16,2022-01-07T08:43:15.000000000Z,1.13098,1.13098,1.1308,1.1308,0,0,1.25302280755195E-05,1.07903569317813E-05,53.73
375,16033,EUR_USD,S5,True,12,2022-01-07T08:43:20.000000000Z,1.1308,1.13084,1.1308,1.13084,0,0.00018,1.00241824604156E-05,4.46322855454389E-05,18.34
376,16049,EUR_USD,S5,True,10,2022-01-07T08:43:30.000000000Z,1.13086,1.13092,1.13086,1.13092,5.9999999999949E-05,0,2.00193459683223E-05,3.57058284363511E-05,35.93
377,16132,EUR_USD,S5,True,6,2022-01-07T08:43:50.000000000Z,1.13089,1.13089,1.13082,1.13082,2.99999999999745E-05,0,2.20154767746527E-05,2.85646627490809E-05,43.53
378,16149,EUR_USD,S5,True,4,2022-01-07T08:44:00.000000000Z,1.13084,1.13088,1.13084,1.13086,0,4.99999999998835E-05,1.76123814197222E-05,3.28517301992414E-05,34.9
379,16167,EUR_USD,S5,True,10,2022-01-07T08:44:05.000000000Z,1.13088,1.13098,1.13088,1.13098,4.000000000004E-05,0,2.20899051357858E-05,2.62813841593931E-05,45.67
380,16200,EUR_USD,S5,True,1,2022-01-07T08:44:15.000000000Z,1.13102,1.13102,1.13102,1.13102,0.00014,0,4.567192410859E-05,2.10251073275145E-05,68.48
381,16218,EUR_USD,S5,True,7,2022-01-07T08:44:20.000000000Z,1.131,1.13104,1.13098,1.13104,0,1.9999999999909E-05,3.6537539286872E-05,2.08200858619934E-05,63.7
382,16235,EUR_USD,S5,True,9,2022-01-07T08:44:25.000000000Z,1.13107,1.13108,1.13104,1.13106,7.00000000000145E-05,0,4.32300314295005E-05,1.66560686895947E-05,72.19
383,16253,EUR_USD,S5,True,8,2022-01-07T08:44:30.000000000Z,1.13106,1.1311,1.13106,1.13106,0,1.00000000000655E-05,3.45840251436004E-05,1.53248549516889E-05,69.29
384,16288,EUR_USD,S5,True,2,2022-01-07T08:44:40.000000000Z,1.13108,1.13108,1.13107,1.13107,2.0000000000131E-05,0,3.16672201149065E-05,1.22598839613511E-05,72.09
385,16341,EUR_USD,S5,True,5,2022-01-07T08:44:55.000000000Z,1.13116,1.1312,1.13116,1.1312,7.9999999999858E-05,0,4.13337760918968E-05,9.80790716908088E-06,80.82
386,16373,EUR_USD,S5,True,10,2022-01-07T08:45:05.000000000Z,1.13116,1.1312,1.13116,1.1312,0,0,3.30670208735174E-05,7.8463257352647E-06,80.82
387,16391,EUR_USD,S5,True,8,2022-01-07T08:45:10.000000000Z,1.13119,1.13119,1.1311,1.1311,2.99999999999745E-05,0,3.24536166988089E-05,6.27706058821176E-06,83.79
388,16477,EUR_USD,S5,True,2,2022-01-07T08:45:35.000000000Z,1.13101,1.13101,1.131,1.131,0,0.00018,2.59628933590471E-05,4.10216484705388E-05,38.76
389,16493,EUR_USD,S5,True,1,2022-01-07T08:45:40.000000000Z,1.13101,1.13101,1.13101,1.13101,0,0,2.07703146872377E-05,3.2817318776431E-05,38.76
390,16545,EUR_USD,S5,True,8,2022-01-07T08:45:50.000000000Z,1.13104,1.13108,1.13104,1.13108,2.99999999999745E-05,0,2.2616251749785E-05,2.62538550211448E-05,46.28
391,16681,EUR_USD,S5,True,8,2022-01-07T08:46:35.000000000Z,1.13126,1.13128,1.13126,1.13128,0.00022,0,6.20930013998054E-05,2.10030840169159E-05,74.72
392,16697,EUR_USD,S5,True,1,2022-01-07T08:46:40.000000000Z,1.13128,1.13128,1.13128,1.13128,2.0000000000131E-05,0,5.36744011198705E-05,1.68024672135327E-05,76.16
393,16714,EUR_USD,S5,True,4,2022-01-07T08:46:45.000000000Z,1.13132,1.13132,1.1313,1.13132,4.000000000004E-05,0,5.09395208959044E-05,1.34419737708262E-05,79.12
394,16748,EUR_USD,S5,True,6,2022-01-07T08:46:55.000000000Z,1.13134,1.13134,1.13132,1.13132,1.9999999999909E-05,0,4.47516167167053E-05,1.07535790166609E-05,80.63
395,16852,EUR_USD,S5,True,1,2022-01-07T08:47:20.000000000Z,1.13136,1.13136,1.13136,1.13136,1.9999999999909E-05,0,3.98012933733461E-05,8.60286321332874E-06,82.23
396,16886,EUR_USD,S5,True,5,2022-01-07T08:47:30.000000000Z,1.13138,1.1314,1.13134,1.13134,2.0000000000131E-05,0,3.58410346987031E-05,6.88229057066299E-06,83.89
397,16904,EUR_USD,S5,True,2,2022-01-07T08:47:40.000000000Z,1.13136,1.13138,1.13136,1.13138,0,2.0000000000131E-05,2.86728277589624E-05,9.5058324565566E-06,75.1
398,16990,EUR_USD,S5,True,5,2022-01-07T08:48:05.000000000Z,1.13139,1.13139,1.13134,1.13134,2.99999999999745E-05,0,2.89382622071649E-05,7.60466596524528E-06,79.19
399,17024,EUR_USD,S5,True,3,2022-01-07T08:48:10.000000000Z,1.13133,1.13135,1.13133,1.13135,0,5.9999999999949E-05,2.31506097657319E-05,1.8083732772186E-05,56.14
400,17076,EUR_USD,S5,True,3,2022-01-07T08:48:25.000000000Z,1.13134,1.13134,1.13131,1.13131,1.00000000000655E-05,0,2.05204878125986E-05,1.44669862177488E-05,58.65
401,17093,EUR_USD,S5,True,3,2022-01-07T08:48:35.000000000Z,1.1313,1.13131,1.1313,1.1313,0,4.000000000004E-05,1.64163902500789E-05,1.95735889742071E-05,45.61
402,17126,EUR_USD,S5,True,1,2022-01-07T08:48:40.000000000Z,1.13132,1.13132,1.13132,1.13132,2.0000000000131E-05,0,1.71331122000893E-05,1.56588711793656E-05,52.25
403,17143,EUR_USD,S5,True,4,2022-01-07T08:48:50.000000000Z,1.1313,1.13131,1.1313,1.13131,0,2.0000000000131E-05,1.37064897600715E-05,1.65270969435187E-05,45.34
404,17161,EUR_USD,S5,True,12,2022-01-07T08:48:55.000000000Z,1.1313,1.13132,1.1313,1.1313,0,0,1.09651918080572E-05,1.3221677554815E-05,45.34
405,17243,EUR_USD,S5,True,2,2022-01-07T08:49:20.000000000Z,1.13152,1.13154,1.13152,1.13154,0.00022,0,5.27721534464675E-05,1.0577342043852E-05,83.3
406,17262,EUR_USD,S5,True,9,2022-01-07T08:49:25.000000000Z,1.13152,1.13152,1.13145,1.13146,0,0,4.2217722757174E-05,8.46187363508158E-06,83.3
407,17278,EUR_USD,S5,True,7,2022-01-07T08:49:30.000000000Z,1.13145,1.13149,1.13145,1.13146,0,7.00000000000145E-05,3.37741782057392E-05,2.07694989080682E-05,61.92
408,17312,EUR_USD,S5,True,2,2022-01-07T08:49:40.000000000Z,1.13148,1.13148,1.13146,1.13146,2.99999999999745E-05,0,3.30193425645863E-05,1.66155991264545E-05,66.52
409,17344,EUR_USD,S5,True,12,2022-01-07T08:49:45.000000000Z,1.13148,1.13148,1.1314,1.1314,0,0,2.6415474051669E-05,1.32924793011636E-05,66.52
410,17379,EUR_USD,S5,True,6,2022-01-07T08:50:00.000000000Z,1.13138,1.13139,1.13136,1.13138,0,9.9999999999989E-05,2.11323792413352E-05,3.06339834409287E-05,40.82
411,17397,EUR_USD,S5,True,10,2022-01-07T08:50:05.000000000Z,1.13138,1.13139,1.13136,1.13138,0,0,1.69059033930682E-05,2.4507186752743E-05,40.82
412,17414,EUR_USD,S5,True,2,2022-01-07T08:50:10.000000000Z,1.13138,1.13138,1.13136,1.13136,0,0,1.35247227144545E-05,1.96057494021944E-05,40.82
413,17498,EUR_USD,S5,True,1,2022-01-07T08:50:35.000000000Z,1.13134,1.13134,1.13134,1.13134,0,4.000000000004E-05,1.08197781715636E-05,2.36845995217635E-05,31.36
414,17516,EUR_USD,S5,True,3,2022-01-07T08:50:40.000000000Z,1.13135,1.13135,1.13133,1.13133,1.00000000000655E-05,0,1.0655822537264E-05,1.89476796174108E-05,36
415,17561,EUR_USD,S5,True,4,2022-01-07T08:50:50.000000000Z,1.13138,1.13138,1.13136,1.13136,2.99999999999745E-05,0,1.45246580298061E-05,1.51581436939286E-05,48.93
416,17625,EUR_USD,S5,True,6,2022-01-07T08:51:15.000000000Z,1.13124,1.1313,1.13124,1.13129,0,0.00014,1.16197264238449E-05,4.01265149551487E-05,22.46
417,17657,EUR_USD,S5,True,3,2022-01-07T08:51:20.000000000Z,1.13128,1.13128,1.13124,1.13124,4.000000000004E-05,0,1.72957811390839E-05,3.2101211964119E-05,35.01
418,17724,EUR_USD,S5,True,3,2022-01-07T08:51:45.000000000Z,1.13124,1.13124,1.13122,1.13124,0,4.000000000004E-05,1.38366249112671E-05,3.36809695713032E-05,29.12
419,17741,EUR_USD,S5,True,6,2022-01-07T08:51:50.000000000Z,1.13122,1.13122,1.1312,1.1312,0,2.0000000000131E-05,1.10692999290137E-05,3.09447756570687E-05,26.35
420,17757,EUR_USD,S5,True,8,2022-01-07T08:51:55.000000000Z,1.13122,1.13128,1.13122,1.13128,0,0,8.85543994321096E-06,2.4755820525655E-05,26.35
421,17785,EUR_USD,S5,True,10,2022-01-07T08:52:05.000000000Z,1.13132,1.13135,1.13132,1.13133,0.0001,0,2.7084351954611E-05,1.9804656420524E-05,57.76
422,17813,EUR_USD,S5,True,2,2022-01-07T08:52:10.000000000Z,1.13134,1.13134,1.13133,1.13133,1.9999999999909E-05,0,2.56674815636706E-05,1.58437251364192E-05,61.83
423,17845,EUR_USD,S5,True,2,2022-01-07T08:52:20.000000000Z,1.13134,1.13136,1.13134,1.13136,0,0,2.05339852509365E-05,1.26749801091354E-05,61.83
424,17879,EUR_USD,S5,True,13,2022-01-07T08:52:30.000000000Z,1.13134,1.13134,1.13129,1.1313,0,0,1.64271882007492E-05,1.01399840873083E-05,61.83
425,17947,EUR_USD,S5,True,1,2022-01-07T08:52:55.000000000Z,1.1313,1.1313,1.1313,1.1313,0,4.000000000004E-05,1.31417505605993E-05,1.61119872698546E-05,44.92
426,18028,EUR_USD,S5,True,5,2022-01-07T08:53:20.000000000Z,1.1313,1.1313,1.1313,1.1313,0,0,1.05134004484795E-05,1.28895898158837E-05,44.92
427,18078,EUR_USD,S5,True,1,2022-01-07T08:53:35.000000000Z,1.13123,1.13123,1.13123,1.13123,0,7.00000000000145E-05,8.41072035878357E-06,2.43116718527099E-05,25.7
428,18096,EUR_USD,S5,True,6,2022-01-07T08:53:40.000000000Z,1.13122,1.13124,1.13122,1.13124,0,1.00000000000655E-05,6.72857628702686E-06,2.1449337482181E-05,23.88
429,18115,EUR_USD,S5,True,1,2022-01-07T08:53:45.000000000Z,1.13125,1.13125,1.13125,1.13125,3.00000000001965E-05,0,1.13828610296608E-05,1.71594699857448E-05,39.88
430,18297,EUR_USD,S5,True,1,2022-01-07T08:54:40.000000000Z,1.1311,1.1311,1.1311,1.1311,0,0.00015,9.10628882372864E-06,4.37275759886147E-05,17.24
431,18347,EUR_USD,S5,True,3,2022-01-07T08:54:50.000000000Z,1.13111,1.13114,1.13111,1.13114,1.00000000000655E-05,0,9.28503105899601E-06,3.49820607908918E-05,20.98
432,18381,EUR_USD,S5,True,8,2022-01-07T08:55:05.000000000Z,1.13116,1.1312,1.13116,1.13118,4.99999999998835E-05,0,1.74280248471735E-05,2.79856486327134E-05,38.38
433,18432,EUR_USD,S5,True,5,2022-01-07T08:55:20.000000000Z,1.13118,1.13119,1.13117,1.13118,2.0000000000131E-05,0,1.7942419877765E-05,2.23885189061707E-05,44.49
434,18501,EUR_USD,S5,True,6,2022-01-07T08:55:35.000000000Z,1.13122,1.13129,1.13122,1.13129,3.9999999999818E-05,0,2.23539359021756E-05,1.79108151249366E-05,55.52
435,18554,EUR_USD,S5,True,5,2022-01-07T08:55:55.000000000Z,1.1312,1.13124,1.1312,1.13121,0,1.9999999999909E-05,1.78831487217405E-05,1.83286520999311E-05,49.38
436,18636,EUR_USD,S5,True,6,2022-01-07T08:56:15.000000000Z,1.1313,1.13131,1.13128,1.13131,9.9999999999989E-05,0,3.43065189773902E-05,1.46629216799449E-05,70.06
437,18673,EUR_USD,S5,True,3,2022-01-07T08:56:25.000000000Z,1.1313,1.1313,1.13128,1.13129,0,0,2.74452151819121E-05,1.17303373439559E-05,70.06
438,18690,EUR_USD,S5,True,1,2022-01-07T08:56:35.000000000Z,1.13127,1.13127,1.13127,1.13127,0,2.99999999999745E-05,2.19561721455297E-05,1.53842698751596E-05,58.8
439,18707,EUR_USD,S5,True,4,2022-01-07T08:56:40.000000000Z,1.13128,1.1313,1.13127,1.1313,1.00000000000655E-05,0,1.95649377164369E-05,1.23074159001277E-05,61.39
440,18812,EUR_USD,S5,True,2,2022-01-07T08:57:05.000000000Z,1.13116,1.13116,1.13114,1.13114,0,0.00012,1.56519501731495E-05,3.38459327201261E-05,31.62
441,18847,EUR_USD,S5,True,1,2022-01-07T08:57:20.000000000Z,1.13112,1.13112,1.13112,1.13112,0,4.000000000004E-05,1.25215601385196E-05,3.50767461761089E-05,26.31
442,18864,EUR_USD,S5,True,22,2022-01-07T08:57:25.000000000Z,1.1311,1.1311,1.13096,1.13096,0,1.9999999999909E-05,1.00172481108157E-05,3.20613969408689E-05,23.81
443,18899,EUR_USD,S5,True,6,2022-01-07T08:57:35.000000000Z,1.13102,1.13105,1.131,1.13104,0,8.000000000008E-05,8.01379848865254E-06,4.16491175527111E-05,16.14
444,18952,EUR_USD,S5,True,2,2022-01-07T08:57:50.000000000Z,1.13107,1.13108,1.13107,1.13108,5.00000000001055E-05,0,1.64110387909431E-05,3.33192940421689E-05,33
445,18969,EUR_USD,S5,True,9,2022-01-07T08:57:55.000000000Z,1.13107,1.1311,1.13106,1.13107,0,0,1.31288310327545E-05,2.66554352337351E-05,33
446,19038,EUR_USD,S5,True,2,2022-01-07T08:58:15.000000000Z,1.13112,1.13112,1.1311,1.1311,4.99999999998835E-05,0,2.05030648261803E-05,2.13243481869881E-05,49.02
447,19070,EUR_USD,S5,True,12,2022-01-07T08:58:25.000000000Z,1.1311,1.1311,1.13107,1.13107,0,1.9999999999909E-05,1.64024518609442E-05,2.10594785495723E-05,43.78
448,19122,EUR_USD,S5,True,5,2022-01-07T08:58:40.000000000Z,1.13106,1.13107,1.13106,1.13106,0,4.000000000004E-05,1.31219614887554E-05,2.48475828396658E-05,34.56
449,19174,EUR_USD,S5,True,9,2022-01-07T08:58:50.000000000Z,1.13111,1.13112,1.1311,1.13111,5.00000000001055E-05,0,2.04975691910254E-05,1.98780662717327E-05,50.77
450,19207,EUR_USD,S5,True,1,2022-01-07T08:59:00.000000000Z,1.1311,1.1311,1.1311,1.1311,0,1.00000000000655E-05,1.63980553528203E-05,1.79024530173992E-05,47.81
451,19310,EUR_USD,S5,True,4,2022-01-07T08:59:30.000000000Z,1.13112,1.13112,1.13111,1.13111,1.9999999999909E-05,0,1.71184442822381E-05,1.43219624139194E-05,54.45
452,19365,EUR_USD,S5,True,3,2022-01-07T08:59:50.000000000Z,1.13116,1.1312,1.13116,1.1312,4.000000000004E-05,0,2.16947554257984E-05,1.14575699311355E-05,65.44
453,19381,EUR_USD,S5,True,3,2022-01-07T08:59:55.000000000Z,1.13121,1.13121,1.1312,1.13121,5.00000000001055E-05,0,2.73558043406599E-05,9.1660559449084E-06,74.9
454,19468,EUR_USD,S5,True,7,2022-01-07T09:00:20.000000000Z,1.1313,1.13132,1.13129,1.1313,8.99999999999235E-05,0,3.98846434725126E-05,7.33284475592672E-06,84.47
455,19522,EUR_USD,S5,True,1,2022-01-07T09:00:35.000000000Z,1.1313,1.1313,1.1313,1.1313,0,0,3.19077147780101E-05,5.86627580474138E-06,84.47
456,19557,EUR_USD,S5,True,7,2022-01-07T09:00:45.000000000Z,1.13128,1.13128,1.13119,1.13119,0,1.9999999999909E-05,2.55261718224081E-05,8.6930206437749E-06,74.6
457,19590,EUR_USD,S5,True,6,2022-01-07T09:00:55.000000000Z,1.1312,1.13128,1.1312,1.13128,0,8.000000000008E-05,2.04209374579264E-05,2.29544165150359E-05,47.08
458,19608,EUR_USD,S5,True,2,2022-01-07T09:01:00.000000000Z,1.13126,1.13128,1.13126,1.13128,5.9999999999949E-05,0,2.83367499663309E-05,1.83635332120287E-05,60.68
459,19678,EUR_USD,S5,True,1,2022-01-07T09:01:15.000000000Z,1.13118,1.13118,1.13118,1.13118,0,7.9999999999858E-05,2.26693999730648E-05,3.06908265695946E-05,42.48
460,19767,EUR_USD,S5,True,1,2022-01-07T09:01:45.000000000Z,1.13128,1.13128,1.13128,1.13128,9.9999999999989E-05,0,3.81355199784496E-05,2.45526612556757E-05,60.83
461,19802,EUR_USD,S5,True,5,2022-01-07T09:01:55.000000000Z,1.13132,1.13135,1.13132,1.13135,4.000000000004E-05,0,3.85084159827677E-05,1.96421290045405E-05,66.22
462,19870,EUR_USD,S5,True,2,2022-01-07T09:02:15.000000000Z,1.13136,1.13136,1.13134,1.13134,3.9999999999818E-05,0,3.88067327861777E-05,1.57137032036324E-05,71.18
463,19938,EUR_USD,S5,True,11,2022-01-07T09:02:30.000000000Z,1.1314,1.1314,1.13136,1.13136,4.000000000004E-05,0,3.90453862289502E-05,1.25709625629059E-05,75.65
464,20009,EUR_USD,S5,True,10,2022-01-07T09:02:55.000000000Z,1.13141,1.13144,1.1314,1.13144,1.00000000000655E-05,0,3.32363089831733E-05,1.00567700503248E-05,76.77
465,20028,EUR_USD,S5,True,4,2022-01-07T09:03:00.000000000Z,1.13143,1.13144,1.13142,1.13142,1.9999999999909E-05,0,3.05890471865204E-05,8.0454160402598E-06,79.18
466,20062,EUR_USD,S5,True,6,2022-01-07T09:03:10.000000000Z,1.13144,1.13144,1.13142,1.13144,1.00000000000655E-05,0,2.64712377492294E-05,6.43633283220784E-06,80.44
467,20109,EUR_USD,S5,True,4,2022-01-07T09:03:20.000000000Z,1.13144,1.13144,1.13142,1.13144,0,0,2.11769901993835E-05,5.14906626576627E-06,80.44
468,20157,EUR_USD,S5,True,2,2022-01-07T09:03:35.000000000Z,1.13144,1.13144,1.13142,1.13142,0,0,1.69415921595068E-05,4.11925301261302E-06,80.44
469,20175,EUR_USD,S5,True,14,2022-01-07T09:03:45.000000000Z,1.13141,1.13142,1.13134,1.13136,0,2.99999999999745E-05,1.35532737276055E-05,9.29540241008531E-06,59.32
470,20211,EUR_USD,S5,True,5,2022-01-07T09:03:55.000000000Z,1.13136,1.13138,1.13136,1.13136,0,5.00000000001055E-05,1.08426189820844E-05,1.74363219280894E-05,38.34
471,20226,EUR_USD,S5,True,6,2022-01-07T09:04:00.000000000Z,1.13138,1.13138,1.13136,1.13137,2.0000000000131E-05,0,1.26740951856937E-05,1.39490575424715E-05,47.61
472,20243,EUR_USD,S5,True,7,2022-01-07T09:04:05.000000000Z,1.13136,1.13141,1.13136,1.13141,0,2.0000000000131E-05,1.0139276148555E-05,1.51592460340034E-05,40.08
473,20280,EUR_USD,S5,True,4,2022-01-07T09:04:10.000000000Z,1.13142,1.13142,1.13138,1.13138,6.0000000000171E-05,0,2.01114209188782E-05,1.21273968272027E-05,62.38
474,20314,EUR_USD,S5,True,6,2022-01-07T09:04:20.000000000Z,1.13137,1.13139,1.13136,1.13138,0,5.00000000001055E-05,1.60891367351025E-05,1.97019174617833E-05,44.95
475,20346,EUR_USD,S5,True,2,2022-01-07T09:04:35.000000000Z,1.13138,1.13138,1.13136,1.13136,1.00000000000655E-05,0,1.48713093880951E-05,1.57615339694266E-05,48.55
476,20381,EUR_USD,S5,True,7,2022-01-07T09:04:45.000000000Z,1.13136,1.13137,1.13134,1.13136,0,2.0000000000131E-05,1.18970475104761E-05,1.66092271755675E-05,41.73
477,20466,EUR_USD,S5,True,10,2022-01-07T09:05:05.000000000Z,1.13139,1.13148,1.13139,1.13146,2.99999999999745E-05,0,1.55176380083758E-05,1.3287381740454E-05,53.87
478,20502,EUR_USD,S5,True,1,2022-01-07T09:05:20.000000000Z,1.1314,1.1314,1.1314,1.1314,1.00000000000655E-05,0,1.44141104067137E-05,1.06299053923632E-05,57.56
479,20572,EUR_USD,S5,True,1,2022-01-07T09:05:35.000000000Z,1.13136,1.13136,1.13136,1.13136,0,4.000000000004E-05,1.1531288325371E-05,1.65039243138986E-05,41.13
480,20591,EUR_USD,S5,True,2,2022-01-07T09:05:45.000000000Z,1.13132,1.13132,1.13131,1.13131,0,3.9999999999818E-05,9.22503066029679E-06,2.12031394510824E-05,30.32
481,20642,EUR_USD,S5,True,1,2022-01-07T09:05:55.000000000Z,1.13135,1.13135,1.13135,1.13135,2.99999999999745E-05,0,1.33800245282323E-05,1.69625115608659E-05,44.1
482,20678,EUR_USD,S5,True,6,2022-01-07T09:06:10.000000000Z,1.13125,1.13128,1.13125,1.13126,0,9.9999999999989E-05,1.07040196225859E-05,3.35700092486906E-05,24.18
483,20715,EUR_USD,S5,True,1,2022-01-07T09:06:20.000000000Z,1.13114,1.13114,1.13114,1.13114,0,0.00011,8.56321569806869E-06,4.88560073989634E-05,14.91
484,20732,EUR_USD,S5,True,5,2022-01-07T09:06:25.000000000Z,1.13115,1.13117,1.13115,1.13117,1.00000000000655E-05,0,8.85057255846806E-06,3.90848059191707E-05,18.46
485,20748,EUR_USD,S5,True,3,2022-01-07T09:06:30.000000000Z,1.13118,1.13118,1.13117,1.13118,2.99999999999745E-05,0,1.30804580467693E-05,3.12678447353365E-05,29.49
486,20801,EUR_USD,S5,True,1,2022-01-07T09:06:45.000000000Z,1.13127,1.13127,1.13127,1.13127,8.99999999999235E-05,0,2.84643664374002E-05,2.50142757882692E-05,53.23
487,20837,EUR_USD,S5,True,7,2022-01-07T09:06:50.000000000Z,1.13126,1.13133,1.13126,1.13132,0,1.00000000000655E-05,2.27714931499201E-05,2.20114206306285E-05,50.85
488,20875,EUR_USD,S5,True,3,2022-01-07T09:07:00.000000000Z,1.13133,1.13136,1.13133,1.13136,7.00000000000145E-05,0,3.2217194519939E-05,1.76091365045028E-05,64.66
489,20926,EUR_USD,S5,True,2,2022-01-07T09:07:15.000000000Z,1.13135,1.13135,1.13134,1.13134,2.0000000000131E-05,0,2.97737556159774E-05,1.40873092036022E-05,67.88
490,21028,EUR_USD,S5,True,5,2022-01-07T09:07:45.000000000Z,1.13127,1.13128,1.13124,1.13124,0,8.000000000008E-05,2.38190044927819E-05,2.72698473628978E-05,46.62
491,21075,EUR_USD,S5,True,1,2022-01-07T09:08:05.000000000Z,1.1312,1.1312,1.1312,1.1312,0,7.00000000000145E-05,1.90552035942255E-05,3.58158778903211E-05,34.73
492,21133,EUR_USD,S5,True,2,2022-01-07T09:08:20.000000000Z,1.13114,1.13114,1.13112,1.13112,0,5.9999999999949E-05,1.52441628753804E-05,4.06527023122467E-05,27.27
493,21164,EUR_USD,S5,True,2,2022-01-07T09:08:30.000000000Z,1.13114,1.13116,1.13114,1.13116,0,0,1.21953303003043E-05,3.25221618497974E-05,27.27
494,21200,EUR_USD,S5,True,1,2022-01-07T09:08:40.000000000Z,1.13114,1.13114,1.13114,1.13114,0,0,9.75626424024348E-06,2.60177294798379E-05,27.27
495,21299,EUR_USD,S5,True,4,2022-01-07T09:09:15.000000000Z,1.1312,1.13121,1.13118,1.13118,5.9999999999949E-05,0,1.98050113921846E-05,2.08141835838703E-05,48.76
496,21348,EUR_USD,S5,True,5,2022-01-07T09:09:25.000000000Z,1.13119,1.1312,1.13116,1.13116,0,1.00000000000655E-05,1.58440091137477E-05,1.86513468671093E-05,45.93
497,21399,EUR_USD,S5,True,1,2022-01-07T09:09:40.000000000Z,1.13114,1.13114,1.13114,1.13114,0,4.99999999998835E-05,1.26752072909981E-05,2.49210774936642E-05,33.71
498,21418,EUR_USD,S5,True,2,2022-01-07T09:09:50.000000000Z,1.13116,1.13116,1.13115,1.13115,1.9999999999909E-05,0,1.41401658327803E-05,1.99368619949313E-05,41.49
499,21484,EUR_USD,S5,True,7,2022-01-07T09:10:10.000000000Z,1.13119,1.13122,1.13119,1.13122,2.99999999999745E-05,0,1.73121326662191E-05,1.59494895959451E-05,52.05
500,21500,EUR_USD,S5,True,2,2022-01-07T09:10:15.000000000Z,1.1312,1.1312,1.13119,1.13119,1.00000000000655E-05,0,1.58497061329884E-05,1.27595916767561E-05,55.4
501,21518,EUR_USD,S5,True,4,2022-01-07T09:10:20.000000000Z,1.13121,1.13124,1.1312,1.13124,1.00000000000655E-05,0,1.46797649064038E-05,1.02076733414048E-05,58.98
502,21588,EUR_USD,S5,True,4,2022-01-07T09:10:40.000000000Z,1.13131,1.13135,1.13131,1.13135,9.9999999999989E-05,0,3.17438119251209E-05,8.16613867312388E-06,79.54
503,21602,EUR_USD,S5,True,8,2022-01-07T09:10:45.000000000Z,1.13134,1.13136,1.13133,1.13133,2.99999999999745E-05,0,3.13950495400916E-05,6.5329109384991E-06,82.78
